Date,Open,High,Low,Close,Volume,Change,Delta,Change_Ratio,Delta_Ratio,Variance,momentum
2023-08-25,7.01,7.06,7.01,7.06,1106,0.05,0.05,0.71,0.71,0.02,-1
2023-08-24,7.22,7.22,7.04,7.19,798,-0.03,0.18,-0.42,2.5,0.09,-1
2023-08-23,7.3,7.65,7.13,7.25,14908,-0.05,0.52,-0.69,7.17,0.26,-1
2023-08-22,7.58,7.63,7.18,7.25,8692,-0.33,0.45,-4.55,6.21,0.23,-1
2023-08-21,7.56,7.76,7.22,7.4,13879,-0.16,0.54,-2.16,7.3,0.27,1
2023-08-18,7.3,7.91,7.16,7.35,21086,0.05,0.75,0.75,10.2,0.38,1
2023-08-17,7.26,7.63,7.25,7.25,4089,-0.01,0.38,-0.14,5.24,0.19,1
2023-08-16,7.69,7.74,7.16,7.16,2663,-0.53,0.58,-7.4,8.1,0.29,-1
2023-08-15,7.32,7.32,7.2,7.2,8265,-0.12,0.12,-1.72,1.72,0.06,-1
2023-08-14,7.31,7.31,7.17,7.2,1448,-0.11,0.14,-1.53,1.94,0.07,-1
2023-08-11,7.25,7.25,7.25,7.25,1663,0.0,0.0,0.0,0.0,0.0,-1
2023-08-10,7.4,7.4,7.3,7.4,4176,0.0,0.1,0.0,1.35,0.05,1
2023-08-09,7.22,7.39,7.2,7.39,2607,0.17,0.19,2.35,2.57,0.09,-1
2023-08-08,7.71,7.71,7.41,7.41,3035,-0.3,0.3,-4.05,4.05,0.15,-1
2023-08-07,7.45,7.6,7.44,7.46,4139,0.01,0.17,0.13,2.21,0.08,-1
2023-08-04,7.55,7.97,7.42,7.52,39854,-0.03,0.55,-0.4,7.37,0.28,-1
2023-08-03,7.49,7.65,7.46,7.55,5899,0.06,0.19,0.79,2.52,0.1,-1
2023-08-02,7.7,7.75,7.44,7.75,17916,0.05,0.31,0.59,4.0,0.15,1
2023-08-01,7.75,7.8,7.65,7.65,7707,-0.1,0.15,-1.31,1.96,0.07,-1
2023-07-31,7.99,7.99,7.75,7.75,9627,-0.24,0.24,-3.1,3.1,0.12,-1
2023-07-28,7.92,7.92,7.91,7.91,1414,-0.01,0.01,-0.13,0.13,0.0,-1
2023-07-27,7.75,8.0,7.75,8.0,1862,0.25,0.25,3.12,3.12,0.12,1
2023-07-26,7.85,7.92,7.76,7.9,2952,0.05,0.16,0.63,2.03,0.08,1
2023-07-25,8.09,8.09,7.79,7.79,3821,-0.3,0.3,-3.85,3.85,0.15,1
2023-07-24,7.75,7.92,7.75,7.75,1103,0.0,0.17,0.0,2.19,0.08,-1
2023-07-21,7.84,7.9,7.74,7.75,6336,-0.09,0.16,-1.16,2.06,0.08,-1
2023-07-20,7.77,7.82,7.73,7.82,1344,0.06,0.09,0.7,1.21,0.05,1
2023-07-19,7.6,8.04,7.5,7.75,35708,0.15,0.54,1.94,6.95,0.27,1
2023-07-18,7.59,7.66,7.59,7.66,650,0.07,0.07,0.97,0.97,0.04,1
2023-07-17,7.5,7.5,7.5,7.5,461,0.0,0.0,0.0,0.0,0.0,1
2023-07-14,7.54,7.54,7.48,7.48,4565,-0.06,0.06,-0.77,0.77,0.03,1
2023-07-13,7.36,7.46,7.35,7.46,6366,0.1,0.11,1.37,1.5,0.06,1
2023-07-12,7.34,7.34,7.34,7.34,108,0.0,0.0,0.0,0.0,0.0,-1
2023-07-11,7.29,7.61,7.25,7.34,4918,0.05,0.36,0.68,4.96,0.18,-1
2023-07-10,7.56,7.66,7.38,7.38,3123,-0.19,0.28,-2.51,3.79,0.14,-1
2023-07-07,7.4,7.75,7.38,7.75,883,0.35,0.37,4.52,4.77,0.19,1
2023-07-06,7.7,7.74,7.39,7.39,2987,-0.31,0.35,-4.23,4.74,0.18,-1
2023-07-05,7.56,7.56,7.41,7.42,1986,-0.14,0.15,-1.89,2.02,0.07,-1
2023-07-03,7.39,7.44,7.39,7.44,1007,0.05,0.05,0.67,0.67,0.03,-1
2023-06-30,7.51,7.51,7.38,7.49,4760,-0.02,0.13,-0.27,1.74,0.06,1
2023-06-29,7.39,7.6,7.31,7.47,6519,0.08,0.29,1.07,3.92,0.15,1
2023-06-28,7.37,7.54,7.34,7.34,3861,-0.03,0.2,-0.4,2.72,0.1,-1
2023-06-27,7.52,7.62,7.44,7.58,1561,0.06,0.18,0.79,2.37,0.09,1
2023-06-26,7.39,7.55,7.39,7.55,318,0.16,0.16,2.12,2.12,0.08,-1
2023-06-23,7.36,7.85,7.16,7.85,15732,0.49,0.69,6.24,8.79,0.34,1
2023-06-22,7.8,7.85,7.75,7.75,3265,-0.05,0.1,-0.65,1.29,0.05,-1
2023-06-21,7.8,7.88,7.8,7.83,6942,0.03,0.08,0.38,1.02,0.04,1
2023-06-20,7.8,8.06,7.8,7.82,1851,0.02,0.26,0.26,3.32,0.13,1
2023-06-16,7.44,7.87,7.44,7.73,5316,0.29,0.43,3.75,5.58,0.22,1
2023-06-15,7.22,7.28,7.15,7.28,3096,0.06,0.13,0.83,1.79,0.06,1
2023-06-14,6.95,7.21,6.95,7.21,1110,0.26,0.26,3.61,3.61,0.13,1
2023-06-13,6.94,6.94,6.94,6.94,387,0.0,0.0,0.0,0.0,0.0,-1
2023-06-12,6.89,7.02,6.85,7.02,9613,0.13,0.17,1.85,2.42,0.08,1
2023-06-09,6.7,6.9,6.7,6.82,8383,0.12,0.2,1.76,2.93,0.1,1
2023-06-08,6.76,6.76,6.7,6.7,3209,-0.06,0.06,-0.88,0.92,0.03,1
2023-06-07,6.56,6.75,6.56,6.61,6916,0.05,0.19,0.82,2.94,0.1,1
2023-06-06,6.51,6.83,6.51,6.6,10954,0.09,0.32,1.36,4.85,0.16,1
2023-06-05,6.62,6.76,6.58,6.58,4048,-0.04,0.17,-0.59,2.66,0.09,-1
2023-06-02,6.67,6.8,6.67,6.68,1328,0.01,0.13,0.15,1.88,0.06,1
2023-06-01,6.66,6.74,6.66,6.66,6663,-0.0,0.08,-0.05,1.21,0.04,-1
2023-05-31,6.73,6.77,6.72,6.77,760,0.04,0.05,0.58,0.72,0.02,-1
2023-05-30,6.73,6.88,6.73,6.8,10159,0.07,0.15,1.03,2.21,0.07,1
2023-05-26,6.77,6.94,6.77,6.77,1291,0.0,0.17,0.0,2.51,0.09,-1
2023-05-25,6.88,6.88,6.8,6.84,4716,-0.04,0.08,-0.51,1.1,0.04,-1
2023-05-24,6.9,6.95,6.81,6.85,5668,-0.05,0.14,-0.69,2.04,0.07,-1
2023-05-23,6.95,6.95,6.95,6.95,1087,0.0,0.0,0.0,0.0,0.0,1
2023-05-22,6.89,6.9,6.88,6.9,3977,0.01,0.02,0.14,0.29,0.01,1
2023-05-19,6.85,6.95,6.8,6.85,14037,0.0,0.15,0.04,2.19,0.08,1
2023-05-18,6.77,6.83,6.77,6.82,1996,0.05,0.06,0.75,0.85,0.03,1
2023-05-17,6.54,6.54,6.54,6.54,135,0.0,0.0,0.0,0.0,0.0,-1
2023-05-16,6.4,6.54,6.3,6.54,5321,0.13,0.23,2.07,3.52,0.12,-1
2023-05-15,6.41,6.55,6.41,6.55,2146,0.14,0.14,2.14,2.14,0.07,1
2023-05-12,6.36,6.49,6.36,6.4,1643,0.04,0.13,0.68,2.02,0.06,-1
2023-05-11,6.63,6.67,6.42,6.45,5888,-0.18,0.24,-2.81,3.75,0.12,-1
2023-05-10,6.82,6.82,6.82,6.82,659,0.0,0.0,0.0,0.0,0.0,-1
2023-05-09,6.88,6.9,6.77,6.89,5164,0.01,0.13,0.18,1.89,0.07,-1
2023-05-08,6.82,7.43,6.69,6.99,4031,0.17,0.74,2.43,10.63,0.37,1
2023-05-05,7.0,7.2,6.63,6.69,20161,-0.31,0.57,-4.63,8.52,0.28,1
2023-05-04,6.51,6.55,6.35,6.35,4898,-0.16,0.2,-2.52,3.18,0.1,-1
2023-05-03,6.89,7.15,6.42,6.45,10389,-0.44,0.73,-6.82,11.32,0.37,-1
2023-05-02,6.39,7.85,6.36,6.72,92061,0.33,1.49,4.91,22.17,0.74,1
2023-05-01,6.98,6.98,6.33,6.33,24775,-0.65,0.65,-10.27,10.27,0.33,-1
2023-04-28,7.1,7.1,6.92,6.92,1029,-0.18,0.18,-2.6,2.6,0.09,-1
2023-04-27,6.99,7.1,6.99,7.1,4253,0.12,0.12,1.62,1.62,0.06,1
2023-04-26,7.06,7.14,6.91,6.91,5438,-0.15,0.23,-2.17,3.4,0.12,-1
2023-04-25,7.15,7.16,7.06,7.16,5026,0.01,0.1,0.14,1.4,0.05,-1
2023-04-24,7.38,7.45,7.15,7.23,7279,-0.15,0.3,-2.03,4.15,0.15,-1
2023-04-21,7.53,7.53,7.29,7.3,3092,-0.23,0.24,-3.15,3.29,0.12,-1
2023-04-20,7.74,7.76,7.5,7.5,4482,-0.24,0.25,-3.17,3.4,0.13,-1
2023-04-19,7.7,7.93,7.55,7.83,5103,0.13,0.38,1.66,4.85,0.19,1
2023-04-18,7.55,7.67,7.55,7.57,10467,0.02,0.12,0.26,1.59,0.06,-1
2023-04-17,7.68,7.76,7.66,7.75,1546,0.07,0.1,0.9,1.34,0.05,1
2023-04-14,7.86,7.86,7.68,7.68,1048,-0.18,0.18,-2.34,2.34,0.09,1
2023-04-13,7.91,7.91,7.66,7.66,407,-0.25,0.25,-3.26,3.26,0.12,-1
2023-04-12,7.74,7.82,7.66,7.82,1482,0.08,0.17,1.09,2.11,0.08,-1
2023-04-11,7.92,7.92,7.92,7.92,46,0.0,0.0,0.0,0.0,0.0,-1
2023-04-10,7.76,7.95,7.7,7.92,15753,0.16,0.25,2.02,3.16,0.13,1
2023-04-06,7.82,7.84,7.81,7.84,2171,0.02,0.03,0.26,0.38,0.02,-1
2023-04-05,8.04,8.05,8.0,8.0,3181,-0.04,0.05,-0.5,0.63,0.03,-1
2023-04-04,8.07,8.24,8.0,8.0,6204,-0.07,0.24,-0.88,3.0,0.12,-1
2023-04-03,8.43,8.43,8.04,8.04,3537,-0.39,0.39,-4.85,4.85,0.2,-1
2023-03-31,8.21,8.21,8.04,8.04,951,-0.17,0.17,-2.11,2.11,0.09,-1
2023-03-30,8.08,8.33,8.05,8.1,9683,0.02,0.28,0.2,3.44,0.14,-1
2023-03-29,8.44,8.44,8.2,8.24,5609,-0.2,0.24,-2.43,2.91,0.12,1
2023-03-28,8.24,8.25,8.05,8.22,2940,-0.02,0.2,-0.3,2.43,0.1,-1
2023-03-27,8.46,8.99,8.34,8.39,9400,-0.07,0.65,-0.83,7.81,0.33,-1
2023-03-24,8.33,8.65,8.23,8.65,5822,0.32,0.42,3.7,4.86,0.21,1
2023-03-23,8.47,8.47,8.26,8.26,5802,-0.21,0.21,-2.48,2.48,0.1,-1
2023-03-22,8.44,8.44,8.39,8.39,391,-0.05,0.05,-0.6,0.6,0.02,-1
2023-03-21,8.41,8.41,8.38,8.4,4753,-0.01,0.03,-0.12,0.36,0.01,1
2023-03-20,8.4,8.4,8.09,8.1,11274,-0.3,0.31,-3.7,3.83,0.16,-1
2023-03-17,8.28,8.3,7.93,8.25,9997,-0.03,0.37,-0.36,4.48,0.19,-1
2023-03-16,8.34,8.34,8.16,8.28,7538,-0.06,0.18,-0.72,2.17,0.09,-1
2023-03-15,8.51,8.67,8.3,8.34,14152,-0.17,0.37,-2.02,4.49,0.19,1
2023-03-14,8.46,9.0,8.3,8.31,12725,-0.15,0.7,-1.81,8.42,0.35,-1
2023-03-13,9.2,9.2,8.32,8.32,6080,-0.88,0.88,-10.58,10.58,0.44,-1
2023-03-10,9.66,9.66,9.06,9.15,15230,-0.51,0.6,-5.57,6.56,0.3,-1
2023-03-09,9.8,9.8,9.8,9.8,516,0.0,0.0,0.0,0.0,0.0,-1
2023-03-08,9.84,9.84,9.84,9.84,483,0.0,0.0,0.0,0.0,0.0,1
2023-03-07,9.82,9.82,9.8,9.8,2411,-0.02,0.02,-0.2,0.2,0.01,-1
2023-03-06,9.93,9.93,9.82,9.82,2005,-0.11,0.11,-1.12,1.12,0.05,-1
2023-03-03,9.88,9.88,9.88,9.88,988,0.0,0.0,0.0,0.0,0.0,-1
2023-03-02,9.93,9.93,9.85,9.91,1416,-0.02,0.08,-0.2,0.81,0.04,1
2023-03-01,9.89,9.89,9.89,9.89,946,0.0,0.0,0.0,0.0,0.0,1
2023-02-28,9.92,9.92,9.82,9.82,1497,-0.1,0.1,-1.02,1.02,0.05,-1
2023-02-27,9.93,9.93,9.8,9.82,2763,-0.11,0.13,-1.12,1.32,0.06,-1
2023-02-24,9.94,9.94,9.85,9.88,1956,-0.06,0.09,-0.59,0.86,0.04,-1
2023-02-23,9.95,9.95,9.9,9.9,1974,-0.05,0.05,-0.51,0.51,0.02,-1
2023-02-22,9.97,9.97,9.81,9.9,4326,-0.07,0.16,-0.66,1.57,0.08,-1
2023-02-21,9.97,9.97,9.9,9.9,1998,-0.07,0.07,-0.71,0.71,0.04,-1
2023-02-17,9.97,9.97,9.96,9.96,895,-0.01,0.01,-0.12,0.12,0.01,-1
2023-02-16,9.93,10.02,9.82,10.01,5326,0.08,0.2,0.85,2.0,0.1,-1
2023-02-15,10.02,10.02,9.9,10.01,3020,-0.01,0.12,-0.1,1.2,0.06,1
2023-02-14,10.03,10.03,9.97,9.98,3026,-0.05,0.06,-0.52,0.56,0.03,-1
2023-02-13,10.05,10.05,9.9,10.02,4877,-0.03,0.15,-0.3,1.5,0.08,1
2023-02-10,10.01,10.01,9.85,9.95,1700,-0.06,0.16,-0.6,1.61,0.08,-1
2023-02-09,10.03,10.03,9.91,9.99,5341,-0.04,0.12,-0.4,1.2,0.06,-1
2023-02-08,10.02,10.03,10.0,10.01,3020,-0.01,0.03,-0.14,0.3,0.01,1
2023-02-07,10.05,10.05,9.97,10.0,9617,-0.05,0.08,-0.5,0.77,0.04,-1
2023-02-06,9.98,10.03,9.98,10.03,2200,0.04,0.04,0.45,0.45,0.02,1
2023-02-03,10.05,10.05,9.94,9.94,2787,-0.11,0.11,-1.11,1.11,0.06,-1
2023-02-02,10.05,10.05,9.96,9.99,3308,-0.06,0.09,-0.6,0.9,0.04,1
2023-02-01,10.04,10.04,9.94,9.97,5250,-0.07,0.1,-0.7,0.96,0.05,1
2023-01-31,10.07,10.07,9.92,9.93,2368,-0.14,0.15,-1.41,1.51,0.08,1
2023-01-30,9.93,9.93,9.91,9.91,1257,-0.02,0.02,-0.2,0.2,0.01,-1
2023-01-27,9.94,9.94,9.94,9.94,934,0.0,0.0,0.0,0.0,0.0,1
2023-01-26,10.07,10.07,9.91,9.91,2598,-0.16,0.16,-1.61,1.61,0.08,-1
2023-01-25,9.97,10.0,9.92,9.92,1695,-0.05,0.08,-0.5,0.81,0.04,-1
2023-01-24,10.04,10.04,9.92,9.92,2207,-0.12,0.12,-1.21,1.21,0.06,-1
2023-01-23,10.06,10.1,10.02,10.05,1841,-0.01,0.07,-0.12,0.75,0.04,-1
2023-01-20,10.1,10.1,9.91,10.09,1646,-0.01,0.19,-0.1,1.88,0.09,1
2023-01-19,9.96,10.1,9.9,10.08,2080,0.12,0.2,1.19,1.98,0.1,1
2023-01-18,10.06,10.1,9.9,9.9,5512,-0.16,0.2,-1.62,2.02,0.1,-1
2023-01-17,10.03,10.03,10.03,10.03,280,0.0,0.0,0.0,0.0,0.0,-1
2023-01-13,10.05,10.09,10.05,10.09,670,0.04,0.04,0.4,0.4,0.02,1
2023-01-12,10.01,10.1,10.01,10.08,2823,0.07,0.09,0.69,0.89,0.04,1
2023-01-11,10.05,10.05,9.91,9.91,1337,-0.14,0.14,-1.37,1.37,0.07,-1
2023-01-10,10.1,10.1,10.04,10.07,655,-0.03,0.06,-0.3,0.6,0.03,1
2023-01-09,10.05,10.1,10.01,10.06,2767,0.01,0.09,0.1,0.89,0.04,1
2023-01-06,10.1,10.1,9.93,9.97,3326,-0.13,0.17,-1.3,1.7,0.08,-1
2023-01-05,10.03,10.04,10.03,10.04,973,0.01,0.01,0.1,0.1,0.0,1
2023-01-04,10.1,10.1,9.98,10.01,3166,-0.09,0.12,-0.95,1.2,0.06,-1
2023-01-03,10.05,10.1,10.04,10.09,1969,0.04,0.06,0.4,0.59,0.03,1
2022-12-30,10.0,10.0,9.93,10.0,3935,0.0,0.07,0.0,0.7,0.04,1
2022-12-29,9.97,9.97,9.97,9.97,687,0.0,0.0,0.0,0.0,0.0,-1
2022-12-28,9.97,10.01,9.94,9.98,3088,0.01,0.07,0.15,0.74,0.04,1
2022-12-27,9.99,9.99,9.95,9.95,1565,-0.04,0.04,-0.45,0.45,0.02,1
2022-12-23,9.9,9.91,9.88,9.91,12033,0.01,0.03,0.1,0.3,0.01,-1
2022-12-22,9.99,9.99,9.99,9.99,197,0.0,0.0,0.0,0.0,0.0,1
2022-12-21,10.04,10.04,9.94,9.94,3187,-0.1,0.1,-1.01,1.01,0.05,1
2022-12-20,10.0,10.0,9.92,9.92,1489,-0.08,0.08,-0.81,0.81,0.04,-1
2022-12-19,10.0,10.0,9.92,9.93,17852,-0.07,0.08,-0.72,0.81,0.04,-1
2022-12-16,9.92,10.0,9.92,10.0,1700,0.08,0.08,0.8,0.8,0.04,1
2022-12-15,9.95,10.0,9.9,9.92,2944,-0.03,0.1,-0.3,1.01,0.05,-1
2022-12-14,9.95,9.95,9.95,9.95,684,0.0,0.0,0.0,0.0,0.0,1
2022-12-13,9.93,9.93,9.93,9.93,323,0.0,0.0,0.0,0.0,0.0,-1
2022-12-12,10.02,10.1,10.0,10.0,4089,-0.02,0.1,-0.2,1.0,0.05,-1
2022-12-09,10.1,10.1,10.0,10.0,5669,-0.1,0.1,-1.0,1.0,0.05,-1
2022-12-08,10.1,10.1,10.0,10.0,1376,-0.1,0.1,-1.0,1.0,0.05,-1
2022-12-07,10.05,10.18,10.0,10.0,7028,-0.05,0.18,-0.5,1.8,0.09,-1
2022-12-06,10.16,10.16,10.05,10.05,536,-0.11,0.11,-1.09,1.09,0.05,-1
2022-12-05,10.1,10.12,10.05,10.05,1890,-0.05,0.07,-0.5,0.71,0.04,1
2022-12-02,10.16,10.16,10.02,10.02,2259,-0.14,0.14,-1.4,1.4,0.07,-1
2022-12-01,10.18,10.2,10.02,10.2,1046,0.02,0.18,0.2,1.76,0.09,1
2022-11-30,10.2,10.2,10.03,10.18,1366,-0.02,0.17,-0.2,1.7,0.09,-1
2022-11-29,10.29,10.29,10.04,10.2,1804,-0.09,0.25,-0.88,2.49,0.13,-1
2022-11-28,10.01,10.28,10.01,10.28,1319,0.27,0.27,2.63,2.63,0.13,-1
2022-11-25,10.3,10.3,10.3,10.3,177,0.0,0.0,0.0,0.0,0.0,-1
2022-11-23,10.25,10.3,10.25,10.3,3037,0.05,0.05,0.49,0.49,0.03,1
2022-11-22,10.28,10.28,10.15,10.15,927,-0.13,0.13,-1.28,1.28,0.06,-1
2022-11-21,10.23,10.23,10.23,10.23,558,0.0,0.0,0.0,0.0,0.0,1
2022-11-18,10.3,10.3,10.15,10.2,57063,-0.1,0.15,-0.98,1.47,0.08,-1
2022-11-17,10.3,10.3,10.3,10.3,190,0.0,0.0,0.0,0.0,0.0,-1
2022-11-16,10.24,10.47,10.16,10.3,15192,0.06,0.31,0.58,3.01,0.16,1
2022-11-15,10.15,10.16,9.77,10.16,3856,0.01,0.39,0.1,3.84,0.2,-1
2022-11-14,10.2,10.2,10.2,10.2,7,0.0,0.0,0.0,0.0,0.0,-1
2022-11-11,10.17,10.23,10.17,10.2,1475,0.03,0.06,0.29,0.62,0.03,-1
2022-11-10,10.17,10.35,10.17,10.2,3213,0.03,0.18,0.29,1.76,0.09,1
2022-11-09,10.04,10.04,10.04,10.04,440,0.0,0.0,0.0,0.0,0.0,1
2022-11-08,10.22,10.22,10.01,10.01,1700,-0.21,0.21,-2.1,2.1,0.11,-1
2022-11-07,10.03,10.07,10.01,10.06,3340,0.03,0.06,0.34,0.59,0.03,1
2022-11-04,10.01,10.09,10.01,10.01,1658,0.0,0.08,0.0,0.79,0.04,-1
2022-11-03,10.12,10.12,10.01,10.01,1132,-0.11,0.11,-1.05,1.05,0.05,-1
2022-11-02,10.05,10.05,10.05,10.05,492,0.0,0.0,0.0,0.0,0.0,-1
2022-11-01,10.2,10.21,10.05,10.06,2242,-0.14,0.16,-1.39,1.59,0.08,-1
2022-10-31,10.09,10.19,10.09,10.1,1777,0.01,0.1,0.15,1.04,0.05,1
2022-10-28,10.2,10.2,10.05,10.05,8018,-0.15,0.15,-1.49,1.49,0.07,-1
2022-10-27,10.2,10.2,10.2,10.2,826,0.0,0.0,0.0,0.0,0.0,1
2022-10-26,10.01,10.2,10.01,10.03,3274,0.02,0.19,0.2,1.89,0.09,-1
2022-10-25,10.1,10.2,10.1,10.2,1554,0.1,0.1,0.97,0.97,0.05,-1
2022-10-24,10.2,10.2,10.2,10.2,2085,-0.01,0.01,-0.05,0.05,0.0,1
2022-10-21,10.29,10.29,10.01,10.18,2224,-0.11,0.28,-1.08,2.75,0.14,1
2022-10-20,10.47,10.47,10.07,10.09,798,-0.38,0.4,-3.77,3.96,0.2,-1
2022-10-19,10.37,10.47,10.08,10.47,2353,0.1,0.39,0.96,3.72,0.2,1
2022-10-18,10.13,10.49,10.0,10.21,4947,0.08,0.49,0.78,4.8,0.25,1
2022-10-17,10.13,10.15,10.13,10.15,1301,0.02,0.02,0.2,0.2,0.01,-1
2022-10-14,10.4,10.52,10.4,10.48,2792,0.08,0.12,0.76,1.15,0.06,1
2022-10-13,10.35,10.35,10.13,10.14,834,-0.21,0.22,-2.07,2.17,0.11,-1
2022-10-12,10.39,10.39,10.39,10.39,161,0.0,0.0,0.0,0.0,0.0,-1
2022-10-11,10.45,10.45,10.3,10.45,3366,0.0,0.15,0.0,1.44,0.07,1
2022-10-10,10.27,10.27,10.27,10.27,0,0.0,0.0,0.0,0.0,0.0,-1
2022-10-07,10.7,10.7,10.17,10.27,13336,-0.43,0.53,-4.19,5.18,0.27,-1
2022-10-06,10.7,10.7,10.7,10.7,142,0.0,0.0,0.0,0.0,0.0,-1
2022-10-05,10.7,10.7,10.46,10.7,6337,0.0,0.24,0.0,2.29,0.12,1
2022-10-04,10.68,10.7,10.3,10.35,35785,-0.33,0.4,-3.19,3.86,0.2,-1
2022-10-03,10.69,10.69,10.69,10.69,697,0.0,0.0,0.0,0.0,0.0,1
2022-09-30,10.58,10.69,10.4,10.4,2760,-0.18,0.29,-1.73,2.79,0.14,-1
2022-09-29,10.79,10.86,10.7,10.7,10067,-0.09,0.16,-0.84,1.45,0.08,-1
2022-09-28,10.95,10.95,10.7,10.7,62446,-0.25,0.25,-2.34,2.34,0.12,-1
2022-09-27,10.89,10.89,10.89,10.89,369,0.0,0.0,0.0,0.0,0.0,1
2022-09-26,10.83,10.83,10.66,10.66,1219,-0.17,0.17,-1.59,1.59,0.08,-1
2022-09-23,10.55,10.91,10.55,10.85,5136,0.3,0.36,2.76,3.32,0.18,1
2022-09-22,10.88,10.99,10.61,10.82,14506,-0.06,0.38,-0.55,3.51,0.19,-1
2022-09-21,11.04,11.04,10.66,10.89,8078,-0.15,0.38,-1.38,3.44,0.19,-1
2022-09-20,10.99,11.09,10.67,11.09,158053,0.1,0.42,0.9,3.79,0.21,1
2022-09-19,10.65,11.01,10.16,10.99,130434,0.34,0.85,3.09,7.73,0.42,-1
2022-09-16,10.8,11.16,10.31,11.15,286860,0.35,0.85,3.14,7.62,0.42,1
2022-09-15,10.78,10.88,10.3,10.83,151850,0.05,0.58,0.46,5.36,0.29,1
2022-09-14,10.39,10.81,10.14,10.8,71336,0.41,0.67,3.8,6.24,0.34,1
2022-09-13,10.03,10.4,10.03,10.39,6835,0.36,0.37,3.46,3.56,0.19,1
2022-09-12,10.16,10.4,10.02,10.2,53866,0.04,0.38,0.39,3.72,0.19,-1
2022-09-09,10.29,10.29,10.2,10.29,5718,0.0,0.09,0.0,0.87,0.04,-1
2022-09-08,10.42,10.42,10.24,10.29,5009,-0.13,0.18,-1.26,1.75,0.09,-1
2022-09-07,10.22,10.4,10.22,10.4,5220,0.18,0.18,1.73,1.73,0.09,-1
2022-09-06,9.96,10.41,9.94,10.41,4810,0.45,0.47,4.32,4.56,0.24,1
2022-09-02,9.97,9.97,9.91,9.95,2293,-0.02,0.06,-0.2,0.6,0.03,-1
2022-09-01,9.93,9.98,9.71,9.98,8937,0.05,0.27,0.47,2.71,0.13,1
2022-08-31,9.86,9.86,9.86,9.86,1547,0.0,0.0,0.0,0.0,0.0,-1
2022-08-30,10.0,10.0,10.0,10.0,14,0.0,0.0,0.0,0.0,0.0,-1
2022-08-29,10.0,10.0,10.0,10.0,433,0.0,0.0,0.0,0.0,0.0,1
2022-08-26,9.96,9.96,9.91,9.91,2593,-0.05,0.05,-0.5,0.5,0.03,-1
2022-08-25,10.01,10.01,10.01,10.01,304,0.0,0.0,0.0,0.0,0.0,-1
2022-08-24,10.01,10.01,10.01,10.01,439,0.0,0.0,0.0,0.0,0.0,-1
2022-08-23,10.1,10.1,10.1,10.1,285,0.0,0.0,0.0,0.0,0.0,-1
2022-08-22,10.1,10.1,10.1,10.1,15,0.0,0.0,0.0,0.0,0.0,-1
2022-08-19,10.1,10.1,10.1,10.1,36,0.0,0.0,0.0,0.0,0.0,-1
2022-08-18,9.95,10.11,9.86,10.1,3886,0.15,0.25,1.49,2.48,0.12,1
2022-08-17,9.9,9.9,9.9,9.9,624,0.0,0.0,0.0,0.0,0.0,-1
2022-08-16,9.9,9.9,9.9,9.9,142,0.0,0.0,0.0,0.0,0.0,-1
2022-08-15,10.16,10.17,9.86,9.9,31781,-0.26,0.31,-2.63,3.13,0.16,-1
2022-08-12,10.14,10.15,10.14,10.14,3062,0.0,0.01,0.0,0.06,0.0,1
2022-08-11,10.0,10.15,10.0,10.04,1387,0.04,0.15,0.35,1.49,0.08,1
2022-08-10,9.95,9.95,9.91,9.95,3341,0.0,0.04,0.0,0.4,0.02,1
2022-08-09,9.91,9.91,9.91,9.91,205,0.0,0.0,0.0,0.0,0.0,-1
2022-08-08,9.95,10.0,9.94,10.0,6034,0.05,0.06,0.5,0.58,0.03,-1
2022-08-05,10.04,10.04,10.04,10.04,78,0.0,0.0,0.0,0.0,0.0,-1
2022-08-04,10.0,10.04,10.0,10.04,491,0.04,0.04,0.4,0.4,0.02,-1
2022-08-03,10.02,10.12,10.02,10.06,531,0.05,0.1,0.45,1.04,0.05,-1
2022-08-02,10.14,10.14,10.14,10.14,241,0.0,0.0,0.0,0.0,0.0,-1
2022-08-01,9.97,10.14,9.96,10.14,3650,0.17,0.18,1.68,1.78,0.09,1
2022-07-29,10.12,10.15,9.9,9.98,6975,-0.14,0.25,-1.4,2.51,0.12,-1
2022-07-28,10.02,10.02,10.02,10.02,992,0.0,0.0,0.0,0.0,0.0,-1
2022-07-27,10.05,10.05,10.02,10.02,2510,-0.03,0.03,-0.3,0.3,0.02,-1
2022-07-26,10.05,10.05,10.05,10.05,82,0.0,0.0,0.0,0.0,0.0,-1
2022-07-25,10.05,10.05,10.05,10.05,192,0.0,0.0,0.0,0.0,0.0,-1
2022-07-22,10.05,10.05,10.05,10.05,26,0.0,0.0,0.0,0.0,0.0,-1
2022-07-21,10.2,10.2,10.02,10.05,7750,-0.15,0.18,-1.49,1.79,0.09,-1
2022-07-20,10.15,10.18,10.15,10.15,3346,0.0,0.03,0.0,0.3,0.01,-1
2022-07-19,10.18,10.18,10.18,10.18,133,0.0,0.0,0.0,0.0,0.0,-1
2022-07-18,10.18,10.18,10.18,10.18,1034,0.0,0.0,0.0,0.0,0.0,1
2022-07-15,10.21,10.21,10.07,10.1,3511,-0.11,0.14,-1.09,1.34,0.07,1
2022-07-14,10.11,10.12,10.01,10.01,4387,-0.1,0.11,-1.0,1.1,0.05,-1
2022-07-13,10.11,10.25,10.1,10.25,2985,0.14,0.15,1.37,1.46,0.08,-1
2022-07-12,10.24,10.25,10.24,10.25,1533,0.01,0.01,0.12,0.12,0.01,1
2022-07-11,10.13,10.18,10.1,10.1,3296,-0.03,0.08,-0.3,0.74,0.04,-1
2022-07-08,10.24,10.25,10.24,10.25,1157,0.01,0.01,0.1,0.1,0.0,1
2022-07-07,10.23,10.23,10.23,10.23,23,0.0,0.0,0.0,0.0,0.0,-1
2022-07-06,10.23,10.23,10.23,10.23,379,0.0,0.0,0.0,0.0,0.0,-1
2022-07-05,10.23,10.23,10.23,10.23,295,0.0,0.0,0.0,0.0,0.0,-1
2022-07-01,10.25,10.25,10.25,10.25,295,0.0,0.0,0.0,0.0,0.0,-1
2022-06-30,10.26,10.26,10.23,10.25,823,-0.01,0.03,-0.1,0.29,0.01,1
2022-06-29,10.25,10.25,10.18,10.18,626,-0.07,0.07,-0.74,0.74,0.04,-1
2022-06-28,9.96,10.32,9.96,10.32,1778,0.36,0.36,3.49,3.49,0.18,1
2022-06-27,9.93,10.2,9.9,10.2,1881,0.27,0.3,2.65,2.94,0.15,-1
2022-06-24,9.99,10.44,9.99,10.44,12907,0.45,0.45,4.31,4.31,0.23,1
2022-06-23,9.99,9.99,9.95,9.95,941,-0.04,0.04,-0.4,0.4,0.02,-1
2022-06-22,9.98,9.98,9.98,9.98,191,0.0,0.0,0.0,0.0,0.0,-1
2022-06-21,9.99,9.99,9.98,9.98,953,-0.01,0.01,-0.1,0.1,0.0,-1
2022-06-17,10.0,10.0,9.98,9.98,917,-0.02,0.02,-0.2,0.2,0.01,1
2022-06-16,9.87,9.97,9.86,9.97,5500,0.1,0.11,1.0,1.1,0.06,1
2022-06-15,9.99,9.99,9.89,9.89,469,-0.1,0.1,-1.01,1.01,0.05,-1
2022-06-14,9.97,9.97,9.91,9.91,1958,-0.06,0.06,-0.61,0.61,0.03,-1
2022-06-13,9.97,9.97,9.97,9.97,188,0.0,0.0,0.0,0.0,0.0,-1
2022-06-10,10.0,10.0,9.97,9.97,1846,-0.03,0.03,-0.3,0.3,0.01,-1
2022-06-09,10.0,10.0,10.0,10.0,2528,0.0,0.0,0.0,0.0,0.0,1
2022-06-08,9.95,9.95,9.94,9.94,649,-0.01,0.01,-0.1,0.1,0.0,1
2022-06-07,9.91,9.91,9.91,9.91,532,0.0,0.0,0.0,0.0,0.0,-1
2022-06-06,9.95,9.95,9.95,9.95,797,0.0,0.0,0.0,0.02,0.0,-1
2022-06-03,9.9,9.96,9.9,9.96,2472,0.06,0.06,0.6,0.6,0.03,1
2022-06-02,9.88,9.9,9.86,9.9,5040,0.02,0.04,0.18,0.4,0.02,-1
2022-06-01,9.96,9.96,9.96,9.96,171,0.0,0.0,0.0,0.0,0.0,-1
2022-05-31,9.96,9.96,9.96,9.96,3399,0.0,0.01,0.0,0.05,0.0,1
2022-05-27,9.96,9.97,9.94,9.94,2384,-0.02,0.02,-0.15,0.24,0.01,-1
2022-05-26,9.92,10.0,9.91,9.96,3919,0.04,0.09,0.45,0.9,0.04,1
2022-05-25,9.98,9.98,9.94,9.94,2951,-0.04,0.04,-0.4,0.4,0.02,1
2022-05-24,9.89,9.9,9.87,9.88,1892,-0.01,0.03,-0.05,0.3,0.02,-1
2022-05-23,10.0,10.01,9.91,9.98,14975,-0.03,0.1,-0.25,1.0,0.05,-1
2022-05-20,10.0,10.01,10.0,10.0,2447,0.0,0.01,0.0,0.1,0.0,1
2022-05-19,10.0,10.0,9.86,9.86,7352,-0.14,0.14,-1.42,1.42,0.07,-1
2022-05-18,10.25,10.25,10.01,10.06,1905,-0.19,0.24,-1.94,2.34,0.12,-1
2022-05-17,10.0,10.08,10.0,10.08,2026,0.08,0.08,0.79,0.79,0.04,1
2022-05-16,10.17,10.4,9.92,9.97,4180,-0.2,0.48,-2.05,4.82,0.24,1
2022-05-13,9.92,9.96,9.92,9.95,7561,0.03,0.04,0.3,0.4,0.02,-1
2022-05-12,10.21,10.22,9.92,9.99,29453,-0.22,0.3,-2.2,2.99,0.15,-1
2022-05-11,10.29,10.32,10.26,10.26,3545,-0.03,0.06,-0.25,0.54,0.03,-1
2022-05-10,10.25,10.3,10.25,10.29,6025,0.04,0.05,0.39,0.49,0.03,1
2022-05-09,10.52,10.53,10.22,10.24,13348,-0.28,0.31,-2.73,3.04,0.16,-1
2022-05-06,10.59,10.59,10.56,10.56,2805,-0.03,0.03,-0.28,0.28,0.01,-1
2022-05-05,10.56,10.58,10.56,10.58,2237,0.02,0.02,0.19,0.19,0.01,-1
2022-05-04,10.56,10.63,10.56,10.63,3797,0.07,0.07,0.66,0.66,0.04,1
2022-05-03,10.8,10.8,10.56,10.59,1628,-0.21,0.24,-1.98,2.27,0.12,-1
2022-05-02,10.66,10.68,10.66,10.66,7055,0.0,0.02,0.05,0.19,0.01,-1
2022-04-29,10.66,10.75,10.66,10.66,9994,-0.0,0.09,-0.0,0.84,0.04,-1
2022-04-28,10.78,10.79,10.75,10.75,5643,-0.03,0.04,-0.28,0.4,0.02,-1
2022-04-27,10.78,10.81,10.78,10.81,504,0.03,0.03,0.28,0.28,0.02,-1
2022-04-26,10.81,10.84,10.81,10.81,3662,0.0,0.03,0.0,0.24,0.01,-1
2022-04-25,10.82,10.83,10.82,10.83,2432,0.01,0.01,0.11,0.11,0.01,-1
2022-04-22,10.88,10.88,10.88,10.88,52,0.0,0.0,0.0,0.0,0.0,-1
2022-04-21,10.88,10.93,10.86,10.88,10055,-0.0,0.07,-0.02,0.64,0.04,-1
2022-04-20,10.9,10.9,10.9,10.9,2637,-0.0,0.0,-0.0,0.0,0.0,-1
2022-04-19,10.94,10.94,10.93,10.93,987,-0.01,0.01,-0.09,0.09,0.0,-1
2022-04-18,10.95,10.95,10.95,10.95,36516,0.0,0.0,0.0,0.0,0.0,-1
2022-04-14,10.95,10.99,10.95,10.99,2887,0.04,0.04,0.36,0.36,0.02,1
2022-04-13,10.95,10.95,10.95,10.95,2460,0.0,0.0,0.0,0.01,0.0,-1
2022-04-12,11.04,11.04,11.04,11.04,108,0.0,0.0,0.0,0.0,0.0,1
2022-04-11,10.99,11.2,10.95,10.95,2390,-0.04,0.25,-0.36,2.28,0.12,-1
2022-04-08,11.12,11.12,10.95,10.95,1428,-0.17,0.17,-1.53,1.53,0.08,-1
2022-04-07,11.22,11.25,11.08,11.22,1466,0.0,0.17,0.0,1.52,0.08,1
2022-04-06,11.05,11.14,11.05,11.05,17597,0.0,0.09,0.0,0.81,0.04,1
2022-04-05,11.04,11.04,11.03,11.03,641,-0.01,0.01,-0.09,0.09,0.0,1
2022-04-04,11.01,11.01,11.01,11.01,235,0.0,0.0,0.0,0.0,0.0,1
2022-04-01,11.0,11.14,10.95,10.95,1495,-0.05,0.19,-0.46,1.74,0.1,1
2022-03-31,10.86,10.95,10.85,10.85,13739,-0.01,0.1,-0.09,0.92,0.05,-1
2022-03-30,11.1,11.1,11.1,11.1,19,0.0,0.0,0.0,0.0,0.0,-1
2022-03-29,10.94,11.17,10.8,11.1,8267,0.16,0.37,1.48,3.33,0.18,-1
2022-03-28,10.81,11.1,10.81,11.1,1573,0.29,0.29,2.61,2.61,0.14,-1
2022-03-25,11.08,11.15,11.08,11.15,304,0.08,0.08,0.67,0.67,0.04,1
2022-03-24,10.79,10.79,10.79,10.79,181,0.0,0.0,0.0,0.0,0.0,-1
2022-03-23,10.79,10.79,10.78,10.79,5882,0.0,0.01,0.0,0.1,0.01,-1
2022-03-22,11.04,11.04,10.79,10.79,3813,-0.25,0.25,-2.28,2.28,0.12,1
2022-03-21,11.06,11.08,10.78,10.78,2438,-0.28,0.3,-2.6,2.78,0.15,-1
2022-03-18,10.9,11.02,10.81,10.85,8678,-0.05,0.21,-0.46,1.94,0.1,-1
2022-03-17,11.02,11.34,10.9,10.9,4431,-0.12,0.44,-1.1,4.04,0.22,-1
2022-03-16,11.42,11.42,11.09,11.09,6207,-0.33,0.33,-2.94,2.94,0.16,-1
2022-03-15,11.48,11.48,11.31,11.31,856,-0.17,0.17,-1.5,1.5,0.08,1
2022-03-14,11.4,11.4,11.18,11.2,7260,-0.2,0.21,-1.74,1.92,0.11,-1
2022-03-11,11.55,11.55,11.28,11.28,1585,-0.27,0.27,-2.39,2.39,0.14,-1
2022-03-10,11.48,11.55,11.48,11.55,936,0.07,0.07,0.64,0.64,0.04,-1
2022-03-09,11.51,11.59,11.44,11.59,1901,0.08,0.15,0.69,1.29,0.08,1
2022-03-08,11.56,11.58,11.39,11.58,870,0.01,0.18,0.13,1.6,0.09,1
2022-03-07,11.5,11.59,11.38,11.38,5510,-0.12,0.21,-1.05,1.85,0.1,-1
2022-03-04,11.35,11.54,11.35,11.54,871,0.19,0.19,1.65,1.65,0.09,1
2022-03-03,11.25,11.25,11.25,11.25,254,0.0,0.0,0.0,0.0,0.0,-1
2022-03-02,11.17,11.58,11.17,11.58,6513,0.41,0.41,3.54,3.54,0.21,1
2022-03-01,11.57,11.57,11.21,11.21,1648,-0.36,0.36,-3.21,3.21,0.18,-1
2022-02-28,11.55,11.59,11.55,11.59,2049,0.04,0.04,0.37,0.37,0.02,1
2022-02-25,11.33,11.63,11.26,11.53,16101,0.2,0.37,1.75,3.21,0.19,1
2022-02-24,11.3,11.3,11.23,11.3,6095,0.0,0.07,0.0,0.62,0.04,-1
2022-02-23,11.51,11.51,11.51,11.51,3,0.0,0.0,0.0,0.0,0.0,-1
2022-02-22,11.51,11.51,11.51,11.51,185,0.0,0.0,0.0,0.0,0.0,-1
2022-02-18,11.51,11.64,11.49,11.64,411,0.13,0.15,1.12,1.29,0.08,-1
2022-02-17,11.65,11.65,11.58,11.65,2180,0.0,0.08,0.0,0.64,0.04,-1
2022-02-16,11.5,11.65,11.5,11.65,3592,0.15,0.15,1.29,1.29,0.08,-1
2022-02-15,11.65,11.65,11.51,11.65,2506,0.0,0.14,0.0,1.2,0.07,1
2022-02-14,11.47,11.65,11.34,11.34,1857,-0.13,0.31,-1.15,2.73,0.16,-1
2022-02-11,11.54,11.65,11.54,11.65,3370,0.11,0.11,0.98,0.98,0.06,-1
2022-02-10,11.61,11.65,11.61,11.65,2102,0.04,0.04,0.34,0.34,0.02,1
2022-02-09,11.47,11.75,11.38,11.56,13223,0.09,0.37,0.78,3.2,0.18,1
2022-02-08,11.5,11.53,11.31,11.53,627,0.03,0.22,0.26,1.91,0.11,1
2022-02-07,11.5,11.5,11.5,11.5,484,0.0,0.0,0.0,0.0,0.0,-1
2022-02-04,11.51,11.56,11.49,11.56,1378,0.05,0.07,0.43,0.61,0.04,1
2022-02-03,11.27,11.27,11.27,11.27,405,0.0,0.0,0.0,0.0,0.0,-1
2022-02-02,11.21,11.45,11.21,11.27,8226,0.06,0.24,0.52,2.11,0.12,-1
2022-02-01,11.34,11.5,11.34,11.39,7409,0.04,0.15,0.4,1.36,0.08,-1
2022-01-31,11.4,11.5,11.4,11.5,5747,0.1,0.1,0.87,0.87,0.05,-1
2022-01-28,11.37,11.5,11.37,11.5,6851,0.13,0.13,1.14,1.14,0.07,1
2022-01-27,11.45,11.45,11.35,11.35,3234,-0.1,0.1,-0.88,0.88,0.05,-1
2022-01-26,11.5,11.5,11.25,11.38,5375,-0.12,0.25,-1.05,2.2,0.12,1
2022-01-25,11.05,11.32,11.05,11.32,1406,0.27,0.27,2.37,2.37,0.13,1
2022-01-24,11.17,11.18,11.05,11.05,4271,-0.12,0.13,-1.09,1.18,0.06,-1
2022-01-21,11.15,11.15,11.12,11.12,3450,-0.03,0.03,-0.27,0.27,0.02,-1
2022-01-20,11.37,11.5,11.23,11.24,17683,-0.13,0.27,-1.13,2.43,0.14,-1
2022-01-19,11.31,11.31,11.12,11.26,3975,-0.05,0.19,-0.44,1.69,0.09,-1
2022-01-18,11.16,11.39,11.16,11.38,2020,0.22,0.23,1.93,2.02,0.12,1
2022-01-14,11.25,11.37,11.25,11.34,7226,0.09,0.12,0.79,1.06,0.06,1
2022-01-13,11.5,11.5,11.17,11.25,30829,-0.24,0.33,-2.18,2.93,0.17,-1
2022-01-12,11.46,11.47,11.42,11.47,9564,0.01,0.05,0.09,0.44,0.03,1
2022-01-11,11.13,11.47,11.13,11.27,18340,0.14,0.34,1.24,3.02,0.17,-1
2022-01-10,11.27,11.39,11.27,11.39,4233,0.12,0.12,1.05,1.05,0.06,1
2022-01-07,11.01,11.28,11.01,11.28,18047,0.27,0.27,2.39,2.39,0.13,1
2022-01-06,10.97,11.01,10.95,11.01,63617,0.04,0.06,0.36,0.54,0.03,1
2022-01-05,10.94,10.99,10.86,10.95,32232,0.01,0.13,0.09,1.16,0.06,1
2022-01-04,10.92,10.94,10.92,10.94,663,0.02,0.02,0.18,0.18,0.01,-1
2022-01-03,10.94,10.94,10.92,10.94,1164,-0.0,0.02,-0.04,0.21,0.01,-1
2021-12-31,10.97,10.99,10.97,10.99,1614,0.02,0.02,0.18,0.18,0.01,-1
2021-12-30,10.99,10.99,10.98,10.99,2423,-0.0,0.01,-0.02,0.11,0.01,-1
2021-12-29,10.9,11.0,10.81,11.0,10006,0.1,0.19,0.91,1.73,0.09,1
2021-12-28,10.95,10.95,10.9,10.9,2600,-0.05,0.05,-0.46,0.46,0.02,-1
2021-12-27,10.98,11.0,10.78,10.9,4166,-0.08,0.22,-0.77,2.02,0.11,-1
2021-12-23,10.9,10.9,10.9,10.9,2002,-0.0,0.0,-0.01,0.01,0.0,-1
2021-12-22,10.98,11.0,10.85,10.98,7933,0.0,0.15,0.03,1.37,0.08,1
2021-12-21,10.87,11.0,10.85,10.85,4097,-0.02,0.15,-0.18,1.38,0.08,-1
2021-12-20,10.93,11.11,10.85,10.99,3200,0.06,0.26,0.55,2.36,0.13,-1
2021-12-17,10.81,11.05,10.81,11.05,16914,0.24,0.24,2.17,2.17,0.12,1
2021-12-16,10.72,10.93,10.66,10.79,4061,0.07,0.27,0.65,2.5,0.13,-1
2021-12-15,10.83,10.83,10.82,10.82,445,-0.01,0.01,-0.08,0.08,0.0,1
2021-12-14,10.88,10.88,10.8,10.8,1339,-0.08,0.08,-0.74,0.74,0.04,1
2021-12-13,10.97,10.97,10.71,10.71,12056,-0.26,0.26,-2.43,2.43,0.13,-1
2021-12-10,10.8,10.84,10.8,10.84,2480,0.04,0.04,0.37,0.37,0.02,1
2021-12-09,10.88,10.88,10.8,10.8,2670,-0.08,0.08,-0.78,0.78,0.04,-1
2021-12-08,10.82,10.84,10.8,10.84,6685,0.02,0.04,0.17,0.37,0.02,1
2021-12-07,10.82,10.87,10.8,10.8,7156,-0.02,0.07,-0.19,0.65,0.03,-1
2021-12-06,10.81,10.99,10.81,10.89,4514,0.08,0.18,0.73,1.65,0.09,1
2021-12-03,10.8,10.8,10.77,10.77,1319,-0.03,0.03,-0.24,0.28,0.02,1
2021-12-02,10.9,10.9,10.76,10.76,5324,-0.14,0.14,-1.3,1.3,0.07,-1
2021-12-01,10.77,10.84,10.76,10.8,1702,0.03,0.08,0.28,0.79,0.04,-1
2021-11-30,10.76,10.8,10.76,10.8,2052,0.04,0.04,0.37,0.37,0.02,1
2021-11-29,10.9,11.07,10.76,10.76,15238,-0.14,0.31,-1.3,2.88,0.16,-1
2021-11-26,10.91,10.91,10.91,10.91,152,0.0,0.0,0.0,0.0,0.0,-1
2021-11-24,11.01,11.04,10.91,10.91,9413,-0.1,0.12,-0.92,1.15,0.06,-1
2021-11-23,11.03,11.05,11.01,11.01,5964,-0.02,0.04,-0.18,0.36,0.02,-1
2021-11-22,11.07,11.07,11.05,11.05,6570,-0.02,0.02,-0.18,0.18,0.01,-1
2021-11-19,11.12,11.13,11.07,11.07,3134,-0.05,0.06,-0.45,0.54,0.03,1
2021-11-18,11.11,11.15,11.06,11.06,11825,-0.05,0.09,-0.45,0.81,0.04,-1
2021-11-17,11.18,11.2,11.05,11.11,8315,-0.07,0.15,-0.63,1.4,0.08,-1
2021-11-16,11.2,11.2,11.15,11.2,3163,0.0,0.05,0.04,0.45,0.02,1
2021-11-15,11.21,11.24,11.18,11.18,12849,-0.03,0.06,-0.27,0.54,0.03,-1
2021-11-12,11.18,11.21,11.18,11.21,3635,0.03,0.03,0.27,0.27,0.02,1
2021-11-11,11.2,11.22,11.06,11.18,13800,-0.02,0.16,-0.18,1.43,0.08,-1
2021-11-10,11.2,11.23,11.2,11.2,6184,0.0,0.03,0.0,0.27,0.02,-1
2021-11-09,11.2,11.2,11.18,11.2,7837,0.0,0.02,0.0,0.19,0.01,-1
2021-11-08,11.2,11.23,11.2,11.22,17868,0.02,0.03,0.18,0.27,0.02,1
2021-11-05,11.17,11.21,11.17,11.18,7979,0.01,0.04,0.09,0.39,0.02,-1
2021-11-04,11.18,11.19,11.17,11.19,1173,0.01,0.02,0.11,0.16,0.01,1
2021-11-03,11.14,11.22,11.14,11.17,8029,0.03,0.08,0.27,0.72,0.04,-1
2021-11-02,11.11,11.18,11.11,11.18,10304,0.07,0.07,0.63,0.63,0.04,1
2021-11-01,11.13,11.14,11.13,11.14,6688,0.01,0.01,0.09,0.09,0.0,1
2021-10-29,11.12,11.12,11.12,11.12,3581,-0.0,0.0,-0.0,0.01,0.0,-1
2021-10-28,11.15,11.15,11.12,11.12,1220,-0.03,0.03,-0.27,0.28,0.02,1
2021-10-27,11.2,11.23,11.11,11.11,2775,-0.09,0.12,-0.81,1.08,0.06,-1
2021-10-26,11.1,11.23,11.1,11.21,3414,0.11,0.13,0.98,1.16,0.07,1
2021-10-25,11.11,11.11,11.1,11.11,1014,0.0,0.01,0.03,0.09,0.0,1
2021-10-22,11.08,11.1,11.08,11.1,6795,0.02,0.02,0.18,0.18,0.01,1
2021-10-21,11.08,11.08,11.08,11.08,10621,0.0,0.0,0.0,0.0,0.0,-1
2021-10-20,11.06,11.09,11.06,11.08,6116,0.02,0.03,0.18,0.24,0.01,1
2021-10-19,11.06,11.06,11.06,11.06,514,0.0,0.0,0.0,0.0,0.0,-1
2021-10-18,11.05,11.06,11.05,11.06,6558,0.01,0.01,0.07,0.09,0.0,1
2021-10-15,11.05,11.05,11.05,11.05,2360,0.0,0.0,0.0,0.0,0.0,1
2021-10-14,11.02,11.04,11.02,11.03,2932,0.01,0.02,0.09,0.21,0.01,1
2021-10-13,11.02,11.02,11.02,11.02,7034,0.0,0.01,0.0,0.07,0.0,-1
2021-10-12,11.06,11.06,11.02,11.02,1850,-0.04,0.04,-0.36,0.36,0.02,-1
2021-10-11,11.03,11.03,11.02,11.03,2094,0.0,0.01,0.0,0.09,0.0,-1
2021-10-08,10.98,11.1,10.98,11.05,48469,0.07,0.12,0.63,1.09,0.06,1
2021-10-07,10.99,11.0,10.98,10.99,19212,0.0,0.02,0.0,0.18,0.01,-1
2021-10-06,10.96,10.99,10.96,10.99,7037,0.03,0.03,0.25,0.27,0.01,1
2021-10-05,10.81,10.99,10.81,10.98,15037,0.17,0.18,1.59,1.64,0.09,1
2021-10-04,10.95,10.97,10.95,10.95,3302,0.0,0.02,0.0,0.18,0.01,1
2021-10-01,10.92,10.95,10.91,10.91,23925,-0.01,0.04,-0.09,0.37,0.02,-1
2021-09-30,10.9,10.95,10.9,10.92,7194,0.02,0.05,0.18,0.46,0.02,1
2021-09-29,10.89,10.95,10.88,10.91,21187,0.02,0.06,0.18,0.6,0.03,1
2021-09-28,10.9,10.9,10.88,10.88,7669,-0.02,0.03,-0.18,0.23,0.01,1
2021-09-27,10.9,10.9,10.86,10.86,7897,-0.04,0.04,-0.37,0.37,0.02,-1
2021-09-24,10.81,10.89,10.76,10.86,8623,0.05,0.13,0.46,1.2,0.07,1
2021-09-23,10.79,10.8,10.78,10.8,34119,0.01,0.02,0.09,0.19,0.01,1
2021-09-22,10.77,10.79,10.77,10.77,10313,0.0,0.02,0.0,0.19,0.01,1
2021-09-21,10.8,10.84,10.76,10.76,9303,-0.04,0.08,-0.37,0.74,0.04,-1
2021-09-20,10.76,10.88,10.76,10.76,15480,0.0,0.12,0.0,1.12,0.06,-1
2021-09-17,10.87,10.88,10.78,10.8,12170,-0.07,0.1,-0.69,0.93,0.05,-1
2021-09-16,10.9,10.93,10.86,10.86,18490,-0.04,0.07,-0.37,0.64,0.04,-1
2021-09-15,10.87,10.9,10.85,10.9,8735,0.03,0.05,0.23,0.46,0.03,1
2021-09-14,10.9,10.9,10.84,10.88,8023,-0.02,0.06,-0.18,0.6,0.03,-1
2021-09-13,10.93,10.94,10.9,10.9,4979,-0.03,0.04,-0.28,0.35,0.02,-1
2021-09-10,10.86,10.93,10.86,10.92,4047,0.06,0.07,0.54,0.64,0.03,1
2021-09-09,10.86,10.86,10.86,10.86,1475,-0.0,0.0,-0.02,0.02,0.0,-1
2021-09-08,10.9,10.94,10.9,10.93,3246,0.03,0.04,0.27,0.37,0.02,1
2021-09-07,10.9,10.94,10.87,10.9,5679,0.0,0.07,0.0,0.64,0.04,-1
2021-09-03,10.95,10.96,10.91,10.95,12529,0.0,0.05,0.0,0.46,0.03,-1
2021-09-02,10.95,10.96,10.86,10.96,20028,0.01,0.1,0.09,0.91,0.05,1
2021-09-01,10.97,10.99,10.95,10.95,9207,-0.02,0.04,-0.18,0.37,0.02,1
2021-08-31,10.97,10.97,10.94,10.94,6398,-0.03,0.03,-0.27,0.27,0.02,-1
2021-08-30,10.91,10.97,10.89,10.96,29384,0.04,0.08,0.41,0.73,0.04,1
2021-08-27,10.95,10.98,10.86,10.95,20769,0.0,0.12,0.0,1.1,0.06,-1
2021-08-26,10.95,10.98,10.94,10.95,14733,0.0,0.04,0.0,0.33,0.02,1
2021-08-25,10.96,10.97,10.92,10.94,8771,-0.02,0.05,-0.18,0.46,0.03,-1
2021-08-24,10.97,10.97,10.92,10.95,8843,-0.02,0.05,-0.18,0.46,0.03,-1
2021-08-23,10.9,10.97,10.9,10.97,24806,0.07,0.07,0.64,0.64,0.04,1
2021-08-20,10.81,10.9,10.81,10.9,5464,0.09,0.09,0.83,0.83,0.04,1
2021-08-19,10.75,10.83,10.75,10.82,12817,0.07,0.08,0.65,0.74,0.04,1
2021-08-18,10.74,10.76,10.74,10.76,13610,0.02,0.02,0.19,0.19,0.01,1
2021-08-17,10.76,10.77,10.72,10.74,17865,-0.02,0.05,-0.19,0.46,0.02,-1
2021-08-16,10.72,10.78,10.72,10.76,15797,0.04,0.06,0.42,0.6,0.03,1
2021-08-13,10.7,10.74,10.7,10.74,26424,0.04,0.04,0.33,0.42,0.02,1
2021-08-12,10.73,10.76,10.7,10.7,19789,-0.03,0.06,-0.28,0.56,0.03,1
2021-08-11,10.67,10.75,10.65,10.69,26599,0.02,0.1,0.19,0.94,0.05,1
2021-08-10,10.68,10.84,10.62,10.62,31571,-0.06,0.22,-0.56,2.02,0.11,-1
2021-08-09,10.64,10.73,10.64,10.67,20521,0.03,0.09,0.28,0.84,0.04,1
2021-08-06,10.57,10.68,10.57,10.66,10914,0.09,0.11,0.83,1.02,0.05,1
2021-08-05,10.66,10.66,10.5,10.56,31813,-0.1,0.16,-0.95,1.52,0.08,-1
2021-08-04,10.52,10.6,10.52,10.59,26840,0.07,0.08,0.66,0.76,0.04,-1
2021-08-03,10.61,10.65,10.52,10.61,45124,0.0,0.13,0.0,1.23,0.07,-1
2021-08-02,10.62,10.7,10.61,10.7,30825,0.08,0.09,0.74,0.84,0.04,1
2021-07-30,10.72,10.74,10.69,10.69,28716,-0.03,0.04,-0.29,0.42,0.02,1
2021-07-29,10.64,10.76,10.6,10.67,24290,0.03,0.15,0.28,1.45,0.08,1
2021-07-28,10.75,10.79,10.55,10.64,42534,-0.11,0.24,-1.03,2.25,0.12,-1
2021-07-27,10.96,10.96,10.63,10.7,49552,-0.26,0.33,-2.43,3.13,0.17,-1
2021-07-26,11.02,11.05,10.96,10.96,54661,-0.06,0.09,-0.55,0.82,0.04,-1
2021-07-23,11.07,11.11,11.02,11.02,85158,-0.05,0.09,-0.45,0.81,0.04,-1
2021-07-22,11.13,11.13,11.05,11.07,33787,-0.06,0.08,-0.54,0.76,0.04,-1
2021-07-21,11.05,11.15,11.05,11.11,42035,0.06,0.1,0.54,0.9,0.05,1
2021-07-20,11.1,11.14,11.02,11.06,15405,-0.04,0.12,-0.36,1.08,0.06,1
2021-07-19,11.11,11.13,11.02,11.05,29761,-0.06,0.11,-0.58,0.99,0.05,-1
2021-07-16,11.1,11.2,11.07,11.1,86163,0.0,0.13,0.0,1.17,0.06,-1
2021-07-15,11.5,11.5,11.0,11.14,479199,-0.36,0.5,-3.19,4.49,0.25,-1
2021-07-14,15.72,15.72,15.72,15.72,815,0.0,0.0,0.02,0.02,0.0,1
2021-07-13,15.58,15.58,15.46,15.47,874,-0.11,0.12,-0.72,0.76,0.06,-1
2021-07-12,15.46,15.51,15.46,15.51,643,0.05,0.05,0.31,0.31,0.02,-1
2021-07-09,15.9,15.9,15.9,15.9,583,0.0,0.0,0.0,0.0,0.0,1
2021-07-08,15.0,15.0,15.0,15.0,1110,0.0,0.0,0.0,0.0,0.0,-1
2021-07-07,15.21,15.99,15.0,15.98,6020,0.77,0.99,4.8,6.2,0.5,1
2021-07-06,15.0,15.0,15.0,15.0,2415,0.0,0.0,0.03,0.03,0.0,-1
2021-07-02,15.0,15.0,15.0,15.0,30,0.0,0.0,0.0,0.0,0.0,-1
2021-07-01,14.94,15.0,14.94,15.0,1698,0.05,0.05,0.37,0.37,0.03,-1
2021-06-30,14.7,15.03,14.68,15.03,11977,0.33,0.34,2.17,2.27,0.17,1
2021-06-29,14.99,14.99,14.99,14.99,14,0.0,0.0,0.0,0.0,0.0,-1
2021-06-28,14.99,14.99,14.99,14.99,149,0.0,0.0,0.0,0.0,0.0,-1
2021-06-25,14.25,14.99,14.25,14.99,6499,0.74,0.74,4.94,4.94,0.37,1
2021-06-24,14.48,14.48,14.48,14.48,93,0.0,0.0,0.0,0.0,0.0,-1
2021-06-23,14.48,14.48,14.48,14.48,19,0.0,0.0,0.0,0.0,0.0,-1
2021-06-22,14.48,14.48,14.48,14.48,152,0.0,0.0,0.0,0.0,0.0,-1
2021-06-21,14.74,14.74,14.74,14.74,133,0.0,0.0,0.0,0.0,0.0,-1
2021-06-18,14.78,14.78,14.74,14.74,629,-0.04,0.04,-0.27,0.27,0.02,-1
2021-06-17,14.77,14.77,14.77,14.77,797,0.0,0.0,0.0,0.0,0.0,1
2021-06-16,14.52,14.52,14.52,14.52,1956,0.0,0.0,0.0,0.0,0.0,1
2021-06-15,14.5,14.5,14.5,14.5,126,0.0,0.0,0.0,0.0,0.0,-1
2021-06-14,14.5,14.5,14.5,14.5,1217,0.0,0.0,0.0,0.0,0.0,-1
2021-06-11,14.79,14.79,14.79,14.79,79,0.0,0.0,0.0,0.0,0.0,-1
2021-06-10,14.79,14.79,14.79,14.79,31,0.0,0.0,0.0,0.0,0.0,-1
2021-06-09,14.76,14.79,14.76,14.79,1038,0.03,0.03,0.23,0.23,0.02,1
2021-06-08,14.42,14.89,14.42,14.5,3433,0.07,0.46,0.52,3.21,0.23,1
2021-06-07,14.63,14.63,14.32,14.34,5053,-0.29,0.31,-2.02,2.16,0.16,-1
2021-06-04,14.66,14.66,14.66,14.66,842,0.0,0.0,0.0,0.0,0.0,1
2021-06-03,14.64,14.64,14.64,14.64,81,0.0,0.0,0.0,0.0,0.0,-1
2021-06-02,14.46,14.8,14.46,14.64,9390,0.18,0.34,1.25,2.32,0.17,-1
2021-06-01,14.99,14.99,14.87,14.87,1114,-0.12,0.12,-0.81,0.81,0.06,1
2021-05-28,14.74,14.74,14.74,14.74,161,0.0,0.0,0.0,0.0,0.0,-1
2021-05-27,14.5,14.74,14.5,14.74,1816,0.24,0.25,1.66,1.66,0.12,1
2021-05-26,14.25,14.4,14.16,14.4,8359,0.15,0.24,1.06,1.65,0.12,1
2021-05-25,14.1,14.15,14.0,14.09,1055,-0.01,0.15,-0.07,1.06,0.08,-1
2021-05-24,14.15,14.15,14.15,14.15,123,0.0,0.0,0.0,0.0,0.0,-1
2021-05-21,14.2,14.25,14.09,14.15,3376,-0.05,0.16,-0.35,1.13,0.08,1
2021-05-20,14.08,14.08,14.05,14.06,826,-0.02,0.03,-0.11,0.18,0.01,1
2021-05-19,13.9,13.93,13.9,13.9,3273,0.0,0.03,0.0,0.22,0.02,-1
2021-05-18,13.95,14.0,13.95,14.0,6973,0.05,0.05,0.35,0.36,0.03,-1
2021-05-17,14.1,14.1,14.1,14.1,1432,-0.0,0.0,-0.03,0.03,0.0,-1
2021-05-14,14.0,14.2,14.0,14.2,3745,0.2,0.2,1.41,1.41,0.1,1
2021-05-13,13.9,14.23,13.9,14.1,3132,0.2,0.33,1.42,2.33,0.16,1
2021-05-12,13.95,14.08,13.93,14.08,1662,0.14,0.16,0.96,1.1,0.08,1
2021-05-11,13.97,13.97,13.94,13.97,1771,0.0,0.03,0.0,0.21,0.02,-1
2021-05-10,13.92,14.0,13.92,14.0,1589,0.08,0.08,0.56,0.57,0.04,1
2021-05-07,13.9,13.9,13.9,13.9,925,0.0,0.0,0.0,0.0,0.0,-1
2021-05-06,14.2,14.2,14.2,14.2,949,0.0,0.0,0.0,0.0,0.0,-1
2021-05-05,14.2,14.2,14.2,14.2,2364,0.0,0.0,0.0,0.0,0.0,-1
2021-05-04,14.2,14.36,14.2,14.25,1592,0.05,0.16,0.35,1.12,0.08,1
2021-05-03,14.2,14.2,14.2,14.2,1248,0.0,0.0,0.0,0.0,0.0,-1
2021-04-30,14.48,14.48,14.48,14.48,39,0.0,0.0,0.0,0.0,0.0,-1
2021-04-29,14.48,14.48,14.48,14.48,145,0.0,0.0,0.0,0.0,0.0,-1
2021-04-28,14.48,14.48,14.48,14.48,1039,0.0,0.0,0.0,0.0,0.0,-1
2021-04-27,14.49,14.49,14.49,14.49,57,0.0,0.0,0.0,0.0,0.0,-1
2021-04-26,14.49,14.49,14.49,14.49,104,0.0,0.0,0.0,0.0,0.0,-1
2021-04-23,14.49,14.49,14.49,14.49,721,-0.0,0.0,-0.03,0.03,0.0,1
2021-04-22,14.21,14.21,14.21,14.21,413,0.0,0.0,0.0,0.0,0.0,-1
2021-04-21,14.49,14.49,14.49,14.49,345,0.0,0.0,0.0,0.0,0.0,1
2021-04-20,14.24,14.24,14.24,14.24,351,0.0,0.0,0.0,0.0,0.0,-1
2021-04-19,14.5,14.5,14.2,14.25,2623,-0.25,0.3,-1.75,2.11,0.15,-1
2021-04-16,14.25,14.25,14.25,14.25,24,0.0,0.0,0.0,0.0,0.0,-1
2021-04-15,14.25,14.25,14.25,14.25,285,0.0,0.0,0.0,0.0,0.0,-1
2021-04-14,14.25,14.25,14.25,14.25,129,0.0,0.0,0.0,0.0,0.0,-1
2021-04-13,14.25,14.25,14.25,14.25,82,0.0,0.0,0.0,0.0,0.0,-1
2021-04-12,14.4,14.4,14.25,14.25,1106,-0.15,0.15,-1.09,1.09,0.08,1
2021-04-09,14.19,14.19,14.19,14.19,363,0.0,0.0,0.0,0.0,0.0,-1
2021-04-08,14.5,14.5,14.5,14.5,1212,0.0,0.0,0.0,0.0,0.0,1
2021-04-07,14.02,14.33,14.02,14.33,2030,0.31,0.31,2.16,2.16,0.15,1
2021-04-06,14.05,14.1,14.05,14.1,337,0.05,0.05,0.33,0.33,0.02,-1
2021-04-05,14.2,14.42,14.2,14.3,4190,0.1,0.22,0.7,1.55,0.11,1
2021-04-01,14.24,14.24,14.24,14.24,30,0.0,0.0,0.0,0.0,0.0,-1
2021-03-31,14.24,14.24,14.24,14.24,393,0.0,0.0,0.0,0.0,0.0,-1
2021-03-30,14.29,14.29,14.27,14.27,408,-0.02,0.02,-0.14,0.14,0.01,-1
2021-03-29,14.12,14.27,14.12,14.27,1942,0.14,0.14,1.02,1.02,0.07,1
2021-03-26,14.63,14.63,14.0,14.1,2942,-0.53,0.63,-3.76,4.47,0.32,-1
2021-03-25,14.75,14.75,14.75,14.75,308,0.0,0.0,0.0,0.0,0.0,1
2021-03-24,14.68,14.74,14.68,14.74,1091,0.05,0.05,0.37,0.37,0.03,-1
2021-03-23,14.75,14.75,14.75,14.75,1215,0.0,0.0,0.0,0.0,0.0,-1
2021-03-22,14.62,14.85,14.58,14.85,1816,0.23,0.27,1.55,1.82,0.13,-1
2021-03-19,14.58,14.94,14.58,14.94,2900,0.36,0.36,2.4,2.4,0.18,-1
2021-03-18,14.8,14.95,14.8,14.95,12586,0.15,0.15,1.0,1.0,0.07,1
2021-03-17,14.91,14.91,14.8,14.8,5321,-0.11,0.11,-0.74,0.74,0.05,-1
2021-03-16,14.8,14.8,14.8,14.8,11642,0.01,0.01,0.03,0.03,0.0,-1
2021-03-15,14.58,15.0,14.58,15.0,1380,0.42,0.42,2.8,2.8,0.21,1
2021-03-12,14.95,15.12,14.55,14.56,6394,-0.39,0.57,-2.68,3.91,0.28,-1
2021-03-11,15.12,15.12,14.05,14.75,12454,-0.37,1.07,-2.52,7.26,0.53,-1
2021-03-10,15.78,15.98,15.02,15.07,9084,-0.71,0.96,-4.71,6.37,0.48,-1
2021-03-09,16.0,16.53,16.0,16.03,20257,0.03,0.53,0.19,3.31,0.27,1
2021-03-08,14.12,16.65,14.05,15.82,46272,1.7,2.6,10.73,16.44,1.3,1
2021-03-05,14.02,14.15,13.93,14.12,24105,0.1,0.22,0.73,1.54,0.11,1
2021-03-04,13.95,14.11,13.75,14.01,34459,0.06,0.36,0.43,2.57,0.18,1
2021-03-03,12.5,14.8,12.5,13.95,160364,1.45,2.3,10.39,16.49,1.15,1
2021-03-02,10.2,10.22,10.1,10.2,3900,0.0,0.12,0.0,1.13,0.06,1
2021-03-01,10.23,10.25,10.1,10.18,3018,-0.05,0.15,-0.53,1.47,0.08,-1
2021-02-26,10.2,10.22,10.2,10.21,6117,0.01,0.02,0.09,0.18,0.01,1
2021-02-25,10.15,10.2,10.15,10.2,895,0.05,0.05,0.49,0.49,0.02,-1
2021-02-24,10.2,10.2,10.2,10.2,171,0.0,0.0,0.0,0.0,0.0,-1
2021-02-23,10.11,10.2,10.11,10.2,440,0.09,0.09,0.88,0.88,0.04,-1
2021-02-22,10.2,10.2,10.2,10.2,253,0.0,0.0,0.0,0.0,0.0,1
2021-02-19,10.1,10.1,10.1,10.1,468,0.0,0.0,0.0,0.0,0.0,1
2021-02-18,10.07,10.07,10.07,10.07,282,0.0,0.0,0.0,0.0,0.0,1
2021-02-17,9.99,10.07,9.98,10.01,14849,0.02,0.09,0.2,0.9,0.04,-1
2021-02-16,10.05,10.07,9.9,10.05,6967,0.0,0.17,0.0,1.69,0.08,1
2021-02-12,9.93,9.93,9.93,9.93,147,0.0,0.0,0.0,0.0,0.0,-1
2021-02-11,9.95,9.98,9.9,9.93,10297,-0.02,0.07,-0.2,0.76,0.04,-1
2021-02-10,10.0,10.07,9.94,9.94,5739,-0.06,0.13,-0.6,1.31,0.07,-1
2021-02-09,10.03,10.03,9.81,10.0,1855,-0.03,0.22,-0.34,2.24,0.11,1
2021-02-08,9.85,9.85,9.85,9.85,112,0.0,0.0,0.0,0.0,0.0,-1
2021-02-05,9.96,9.97,9.6,9.85,2316,-0.11,0.37,-1.12,3.76,0.19,1
2021-02-04,10.19,10.19,9.77,9.82,1139,-0.37,0.42,-3.72,4.24,0.21,1
2021-02-03,9.34,9.34,9.34,9.34,77,0.0,0.0,0.0,0.0,0.0,-1
2021-02-02,9.34,9.34,9.34,9.34,30,0.0,0.0,0.0,0.0,0.0,-1
2021-02-01,9.46,9.53,9.28,9.34,5796,-0.12,0.25,-1.28,2.68,0.12,-1
2021-01-29,9.66,10.01,9.46,9.46,6664,-0.2,0.54,-2.11,5.76,0.27,-1
2021-01-28,9.68,9.82,9.68,9.71,3918,0.03,0.14,0.33,1.46,0.07,-1
2021-01-27,9.88,9.88,9.8,9.8,2141,-0.08,0.08,-0.81,0.81,0.04,1
2021-01-26,9.76,9.76,9.76,9.76,309,0.0,0.0,0.0,0.0,0.0,-1
2021-01-25,9.85,9.86,9.73,9.83,7823,-0.02,0.13,-0.16,1.31,0.06,1
2021-01-22,9.77,9.77,9.77,9.77,1047,0.0,0.0,0.0,0.0,0.0,-1
2021-01-21,10.15,10.15,10.15,10.15,240,0.0,0.0,0.0,0.0,0.0,1
2021-01-20,10.33,10.33,9.85,9.86,3480,-0.47,0.48,-4.77,4.87,0.24,-1
2021-01-19,10.11,10.11,10.11,10.11,461,0.0,0.0,0.0,0.0,0.0,1
2021-01-15,10.22,10.22,10.05,10.05,923,-0.17,0.17,-1.69,1.69,0.08,-1
2021-01-14,10.49,10.49,10.49,10.49,28,0.0,0.0,0.0,0.0,0.0,-1
2021-01-13,10.49,10.49,10.49,10.49,3287,0.0,0.0,0.0,0.0,0.0,-1
2021-01-12,10.49,10.49,10.49,10.49,169,0.0,0.0,0.0,0.0,0.0,1
2021-01-11,10.32,10.4,10.32,10.32,1718,0.0,0.08,0.0,0.78,0.04,1
2021-01-08,10.17,10.17,10.17,10.17,12,0.0,0.0,0.0,0.0,0.0,-1
2021-01-07,10.48,10.48,10.17,10.17,4388,-0.31,0.31,-3.02,3.05,0.16,-1
2021-01-06,10.17,10.42,10.17,10.18,14612,0.01,0.25,0.1,2.42,0.12,1
2021-01-05,10.14,10.14,9.97,9.97,635,-0.17,0.17,-1.71,1.71,0.09,-1
2021-01-04,10.0,10.0,10.0,10.0,112,0.0,0.0,0.0,0.0,0.0,1
2020-12-31,10.0,10.0,9.96,9.96,3418,-0.04,0.04,-0.4,0.4,0.02,-1
2020-12-30,9.84,10.16,9.84,10.16,1218,0.32,0.32,3.15,3.15,0.16,1
2020-12-29,9.88,9.9,9.84,9.84,3670,-0.04,0.06,-0.43,0.61,0.03,1
2020-12-28,9.95,9.98,9.76,9.76,7205,-0.19,0.22,-1.95,2.25,0.11,-1
2020-12-24,9.75,9.95,9.75,9.95,1410,0.2,0.2,2.01,2.01,0.1,1
2020-12-23,9.91,9.91,9.91,9.91,766,0.0,0.0,0.0,0.0,0.0,-1
2020-12-22,9.57,9.99,9.57,9.99,1454,0.42,0.42,4.2,4.2,0.21,1
2020-12-21,9.75,9.87,9.73,9.73,9638,-0.02,0.14,-0.23,1.46,0.07,-1
2020-12-18,9.9,10.0,9.8,9.81,3372,-0.08,0.2,-0.87,2.04,0.1,1
2020-12-17,9.78,9.94,9.77,9.8,3628,0.02,0.17,0.2,1.69,0.08,-1
2020-12-16,9.99,9.99,9.88,9.88,3148,-0.11,0.11,-1.11,1.11,0.05,-1
2020-12-15,9.96,9.97,9.88,9.89,1742,-0.07,0.09,-0.71,0.91,0.04,-1
2020-12-14,9.95,9.96,9.95,9.95,1184,0.0,0.01,0.0,0.1,0.01,-1
2020-12-11,9.97,9.97,9.97,9.97,1868,0.0,0.0,0.0,0.0,0.0,1
2020-12-10,9.74,9.9,9.74,9.74,2498,0.0,0.16,0.04,1.61,0.08,-1
2020-12-09,9.82,9.97,9.82,9.97,3246,0.16,0.16,1.55,1.55,0.08,1
2020-12-08,9.75,9.75,9.75,9.75,628,0.0,0.0,0.0,0.0,0.0,-1
2020-12-07,9.75,9.85,9.75,9.79,2436,0.04,0.1,0.41,1.05,0.05,1
2020-12-04,9.68,9.68,9.56,9.56,714,-0.12,0.12,-1.25,1.25,0.06,1
2020-12-03,9.53,9.53,9.53,9.53,194,0.0,0.0,0.0,0.0,0.0,-1
2020-12-02,9.53,9.53,9.53,9.53,341,0.0,0.0,0.0,0.0,0.0,-1
2020-12-01,9.99,9.99,9.99,9.99,173,0.0,0.0,0.0,0.0,0.0,-1
2020-11-30,10.05,10.05,9.72,9.99,3037,-0.06,0.33,-0.6,3.33,0.17,1
2020-11-27,9.99,9.99,9.86,9.86,2735,-0.13,0.13,-1.32,1.32,0.07,-1
2020-11-25,9.99,10.01,9.71,9.99,12860,0.0,0.3,0.0,3.03,0.15,-1
2020-11-24,9.64,10.32,9.64,10.15,4129,0.51,0.68,5.07,6.75,0.34,1
2020-11-23,9.89,9.89,9.89,9.89,1407,0.0,0.0,0.0,0.0,0.0,1
2020-11-20,9.75,9.95,9.55,9.64,2300,-0.11,0.4,-1.14,4.15,0.2,-1
2020-11-19,9.75,9.75,9.75,9.75,265,0.0,0.0,0.0,0.0,0.0,1
2020-11-18,9.73,9.73,9.57,9.57,2517,-0.16,0.16,-1.7,1.7,0.08,-1
2020-11-17,9.73,9.73,9.73,9.73,147,0.0,0.0,0.0,0.0,0.0,1
2020-11-16,9.75,9.75,9.51,9.51,6059,-0.24,0.24,-2.52,2.52,0.12,-1
2020-11-13,9.75,9.75,9.41,9.51,2487,-0.24,0.33,-2.58,3.52,0.17,-1
2020-11-12,9.7,9.7,9.7,9.7,77,0.0,0.0,0.0,0.0,0.0,-1
2020-11-11,9.7,9.7,9.7,9.7,1441,-0.01,0.01,-0.05,0.05,0.0,1
2020-11-10,9.5,9.75,9.5,9.62,8057,0.12,0.25,1.3,2.6,0.12,1
2020-11-09,9.42,9.5,9.42,9.5,2319,0.08,0.08,0.84,0.84,0.04,1
2020-11-06,9.29,9.29,9.29,9.29,41,0.0,0.0,0.0,0.0,0.0,-1
2020-11-05,9.29,9.29,9.29,9.29,680,0.0,0.0,0.0,0.0,0.0,-1
2020-11-04,9.36,9.36,9.36,9.36,179,0.0,0.0,0.0,0.0,0.0,-1
2020-11-03,9.2,9.36,9.2,9.36,3522,0.16,0.16,1.69,1.69,0.08,1
2020-11-02,9.26,9.35,9.23,9.23,1948,-0.03,0.12,-0.33,1.3,0.06,-1
2020-10-30,9.35,9.35,9.21,9.33,2557,-0.02,0.14,-0.21,1.5,0.07,-1
2020-10-29,9.17,9.33,9.17,9.33,4887,0.16,0.16,1.67,1.67,0.08,1
2020-10-28,9.25,9.25,9.25,9.25,808,0.0,0.0,0.0,0.0,0.0,-1
2020-10-27,9.26,9.3,9.16,9.3,3730,0.04,0.14,0.43,1.51,0.07,1
2020-10-26,9.23,9.23,9.23,9.23,0,0.0,0.0,0.0,0.0,0.0,-1
2020-10-23,9.23,9.23,9.23,9.23,11,0.0,0.0,0.0,0.0,0.0,-1
2020-10-22,9.23,9.23,9.23,9.23,220,0.0,0.0,0.0,0.0,0.0,-1
2020-10-21,9.3,9.3,9.3,9.3,179,0.0,0.0,0.0,0.0,0.0,1
2020-10-20,9.2,9.25,9.2,9.2,1956,0.0,0.05,0.0,0.5,0.02,-1
2020-10-19,9.29,9.32,9.29,9.32,707,0.03,0.03,0.37,0.37,0.02,-1
2020-10-16,9.2,9.35,9.2,9.35,307,0.15,0.15,1.6,1.6,0.08,-1
2020-10-15,9.57,9.57,9.57,9.57,1,0.0,0.0,0.0,0.0,0.0,-1
2020-10-14,9.2,9.57,9.2,9.57,3115,0.37,0.37,3.92,3.92,0.19,-1
2020-10-13,9.2,9.61,9.2,9.61,728,0.41,0.41,4.27,4.27,0.21,-1
2020-10-12,9.25,9.75,9.21,9.75,1041,0.5,0.54,5.13,5.54,0.27,1
2020-10-09,9.73,9.73,9.73,9.73,109,0.0,0.0,0.0,0.0,0.0,-1
2020-10-08,9.73,9.73,9.73,9.73,53,0.0,0.0,0.0,0.0,0.0,-1
2020-10-07,9.73,9.73,9.73,9.73,6,0.0,0.0,0.0,0.0,0.0,-1
2020-10-06,9.74,9.74,9.73,9.73,359,-0.01,0.01,-0.1,0.1,0.0,1
2020-10-05,9.1,9.1,9.1,9.1,0,0.0,0.0,0.0,0.0,0.0,-1
2020-10-02,9.1,9.1,9.1,9.1,202,0.0,0.0,0.0,0.0,0.0,-1
2020-10-01,9.26,9.26,9.26,9.26,32,0.0,0.0,0.0,0.0,0.0,-1
2020-09-30,9.26,9.26,9.26,9.26,96,0.0,0.0,0.0,0.0,0.0,-1
2020-09-29,9.45,9.45,9.08,9.26,460,-0.19,0.37,-2.05,4.0,0.18,-1
2020-09-28,9.07,9.5,9.07,9.5,222,0.42,0.42,4.47,4.47,0.21,1
2020-09-25,9.07,9.07,9.07,9.07,221,0.0,0.0,0.0,0.0,0.0,-1
2020-09-24,9.59,9.59,9.28,9.44,1996,-0.14,0.31,-1.53,3.26,0.15,-1
2020-09-23,9.7,9.7,9.7,9.7,166,0.0,0.0,0.0,0.0,0.0,-1
2020-09-22,9.7,9.7,9.7,9.7,498,0.0,0.0,0.0,0.0,0.0,-1
2020-09-21,9.7,9.7,9.7,9.7,269,0.0,0.0,0.0,0.0,0.0,-1
2020-09-18,9.65,9.7,9.5,9.7,2910,0.05,0.2,0.52,2.06,0.1,1
2020-09-17,9.62,9.62,9.08,9.44,942,-0.18,0.54,-1.91,5.72,0.27,-1
2020-09-16,8.98,9.6,8.9,9.6,4084,0.62,0.7,6.49,7.34,0.35,1
2020-09-15,8.76,8.76,8.76,8.76,4,0.0,0.0,0.0,0.0,0.0,-1
2020-09-14,8.14,8.8,8.14,8.76,1627,0.62,0.66,7.13,7.53,0.33,-1
2020-09-11,8.06,8.92,8.06,8.86,965,0.8,0.86,9.03,9.71,0.43,1
2020-09-10,8.01,8.97,8.01,8.8,1519,0.79,0.96,8.93,10.92,0.48,1
2020-09-09,8.01,8.47,8.01,8.32,318,0.31,0.46,3.69,5.53,0.23,1
2020-09-08,8.03,8.03,8.03,8.03,273,0.0,0.0,0.0,0.0,0.0,-1
2020-09-04,8.07,8.07,8.07,8.07,155,0.0,0.0,0.0,0.0,0.0,-1
2020-09-03,8.16,8.16,8.05,8.1,8383,-0.06,0.11,-0.74,1.36,0.05,-1
2020-09-02,7.92,8.24,7.92,8.24,1512,0.32,0.32,3.88,3.88,0.16,1
2020-09-01,7.9,7.9,7.82,7.82,7921,-0.08,0.08,-1.02,1.02,0.04,-1
2020-08-31,8.01,8.01,8.01,8.01,931,-0.0,0.0,-0.0,0.0,0.0,-1
2020-08-28,8.5,8.5,8.5,8.5,100,0.0,0.0,0.0,0.0,0.0,-1
2020-08-27,8.5,8.5,8.5,8.5,42,0.0,0.0,0.0,0.0,0.0,-1
2020-08-26,8.31,8.5,8.06,8.5,949,0.19,0.44,2.24,5.18,0.22,-1
2020-08-25,8.68,8.68,8.68,8.68,95,0.0,0.0,0.0,0.0,0.0,-1
2020-08-24,8.68,8.68,8.68,8.68,106,0.0,0.0,0.0,0.0,0.0,-1
2020-08-21,7.89,8.68,7.89,8.68,659,0.79,0.79,9.1,9.1,0.39,1
2020-08-20,8.03,8.59,7.86,7.86,1037,-0.17,0.73,-2.16,9.3,0.37,-1
2020-08-19,8.35,8.39,8.11,8.11,1262,-0.24,0.28,-2.96,3.47,0.14,-1
2020-08-18,8.31,8.31,8.31,8.31,0,0.0,0.0,0.0,0.0,0.0,-1
2020-08-17,8.56,8.6,8.31,8.31,2013,-0.25,0.29,-3.01,3.52,0.15,-1
2020-08-14,8.47,8.47,8.47,8.47,21,0.0,0.0,0.0,0.0,0.0,-1
2020-08-13,8.47,8.47,8.47,8.47,58,0.0,0.0,0.0,0.0,0.0,-1
2020-08-12,8.47,8.47,8.47,8.47,28,0.0,0.0,0.0,0.0,0.0,-1
2020-08-11,8.47,8.47,8.47,8.47,288,0.0,0.0,0.0,0.0,0.0,-1
2020-08-10,8.47,8.47,8.47,8.47,101,0.0,0.0,0.0,0.0,0.0,-1
2020-08-07,8.47,8.47,8.47,8.47,656,0.0,0.0,0.0,0.0,0.0,-1
2020-08-06,8.77,8.77,8.77,8.77,0,0.0,0.0,0.0,0.0,0.0,-1
2020-08-05,8.77,8.77,8.77,8.77,246,0.0,0.0,0.0,0.0,0.0,1
2020-08-04,8.73,8.75,8.71,8.71,1016,-0.02,0.04,-0.23,0.46,0.02,-1
2020-08-03,9.3,9.3,9.3,9.3,6,0.0,0.0,0.0,0.0,0.0,-1
2020-07-31,9.3,9.3,9.3,9.3,9,0.0,0.0,0.0,0.0,0.0,-1
2020-07-30,9.3,9.3,9.3,9.3,7379,0.0,0.0,0.0,0.0,0.0,-1
2020-07-29,9.3,9.3,9.3,9.3,528,0.0,0.0,0.0,0.0,0.0,-1
2020-07-28,9.41,9.43,9.3,9.3,6444,-0.11,0.13,-1.2,1.44,0.07,-1
2020-07-27,9.25,9.5,9.25,9.5,549,0.25,0.25,2.63,2.63,0.12,1
2020-07-24,8.94,9.22,8.83,9.22,604,0.28,0.38,2.98,4.18,0.19,-1
2020-07-23,9.2,9.45,9.2,9.45,515,0.25,0.25,2.65,2.65,0.13,-1
2020-07-22,9.77,9.77,9.77,9.77,0,0.0,0.0,0.0,0.0,0.0,-1
2020-07-21,9.6,9.89,9.6,9.77,58270,0.17,0.29,1.74,2.97,0.15,1
2020-07-20,9.3,9.3,9.3,9.3,104,0.0,0.0,0.0,0.0,0.0,1
2020-07-17,9.41,9.43,9.01,9.01,812,-0.4,0.42,-4.44,4.66,0.21,-1
2020-07-16,9.65,9.65,9.65,9.65,200,0.0,0.0,0.0,0.0,0.0,-1
2020-07-15,9.65,9.65,9.55,9.65,8580,0.0,0.1,0.0,1.04,0.05,-1
2020-07-14,9.75,9.75,9.75,9.75,0,0.0,0.0,0.0,0.0,0.0,-1
2020-07-13,9.73,9.82,9.64,9.75,33468,0.02,0.18,0.21,1.85,0.09,-1
2020-07-10,9.75,9.75,9.73,9.75,533,0.0,0.02,0.0,0.21,0.01,1
2020-07-09,9.65,9.65,9.65,9.65,2,0.0,0.0,0.0,0.0,0.0,-1
2020-07-08,9.85,9.85,9.85,9.85,2,0.0,0.0,0.0,0.0,0.0,1
2020-07-07,9.65,9.65,9.6,9.65,12514,0.0,0.05,0.0,0.52,0.03,-1
2020-07-06,9.5,9.85,9.5,9.85,1317,0.35,0.35,3.57,3.57,0.18,1
2020-07-02,9.45,9.5,9.45,9.5,2791,0.05,0.05,0.53,0.53,0.03,-1
2020-07-01,9.49,9.5,9.36,9.5,8114,0.01,0.14,0.11,1.53,0.07,1
2020-06-30,9.1,9.1,9.1,9.1,39,0.0,0.0,0.0,0.0,0.0,-1
2020-06-29,9.1,9.1,9.1,9.1,115,0.0,0.0,0.0,0.0,0.0,-1
2020-06-26,9.48,9.48,9.1,9.1,1350,-0.38,0.38,-4.18,4.18,0.19,-1
2020-06-25,9.47,9.47,9.2,9.2,432,-0.27,0.27,-2.93,2.93,0.14,-1
2020-06-24,9.7,10.15,9.0,9.5,16819,-0.2,1.15,-2.11,12.11,0.58,-1
2020-06-23,9.62,9.95,9.62,9.7,2906,0.08,0.33,0.82,3.4,0.17,1
2020-06-22,9.62,9.62,9.62,9.62,330,0.0,0.0,0.0,0.0,0.0,1
2020-06-19,10.0,10.0,9.48,9.48,1298,-0.52,0.52,-5.49,5.49,0.26,-1
2020-06-18,9.75,9.75,9.7,9.75,1226,-0.0,0.05,-0.02,0.5,0.02,-1
2020-06-17,9.75,9.75,9.75,9.75,5644,0.0,0.0,0.0,0.0,0.0,-1
2020-06-16,9.97,9.97,9.97,9.97,4,0.0,0.0,0.0,0.0,0.0,-1
2020-06-15,9.97,9.97,9.97,9.97,79,0.0,0.0,0.0,0.0,0.0,-1
2020-06-12,9.97,9.97,9.97,9.97,225,0.0,0.0,0.0,0.0,0.0,-1
2020-06-11,9.97,9.97,9.43,9.97,1258,0.0,0.54,0.0,5.39,0.27,1
2020-06-10,9.3,9.3,9.3,9.3,212,0.0,0.0,0.0,0.0,0.0,-1
2020-06-09,9.35,9.36,9.35,9.36,739,0.01,0.01,0.05,0.05,0.0,-1
2020-06-08,10.0,10.0,9.76,9.76,369,-0.24,0.24,-2.46,2.46,0.12,1
2020-06-05,9.6,9.6,9.5,9.5,2878,-0.1,0.1,-1.05,1.05,0.05,1
2020-06-04,9.25,9.25,8.95,8.95,1397,-0.3,0.3,-3.35,3.35,0.15,-1
2020-06-03,9.25,9.25,9.15,9.15,2927,-0.1,0.1,-1.09,1.09,0.05,-1
2020-06-02,9.15,9.15,9.15,9.15,121,0.0,0.0,0.0,0.0,0.0,1
2020-06-01,8.76,8.76,8.76,8.76,30,0.0,0.0,0.0,0.0,0.0,-1
2020-05-29,8.79,9.1,8.76,8.76,1707,-0.03,0.34,-0.34,3.88,0.17,1
2020-05-28,8.7,8.8,8.51,8.65,2134,-0.05,0.29,-0.58,3.34,0.14,1
2020-05-27,8.6,8.6,8.6,8.6,46,0.0,0.0,0.0,0.0,0.0,-1
2020-05-26,8.54,8.6,8.54,8.6,1920,0.05,0.06,0.64,0.65,0.03,1
2020-05-22,8.48,8.6,8.48,8.57,33256,0.09,0.12,1.05,1.4,0.06,1
2020-05-21,8.3,8.3,8.3,8.3,89,0.0,0.0,0.0,0.0,0.0,-1
2020-05-20,8.29,8.3,8.29,8.3,529,0.01,0.01,0.12,0.12,0.01,-1
2020-05-19,8.13,8.48,8.04,8.3,2506,0.17,0.44,2.08,5.3,0.22,1
2020-05-18,8.0,8.0,8.0,8.0,321,0.0,0.0,0.0,0.0,0.0,-1
2020-05-15,8.35,8.35,8.35,8.35,13,0.0,0.0,0.0,0.0,0.0,-1
2020-05-14,8.0,8.35,8.0,8.35,2493,0.35,0.35,4.19,4.19,0.17,-1
2020-05-13,8.5,8.5,8.5,8.5,34,0.0,0.0,0.0,0.0,0.0,-1
2020-05-12,8.15,8.5,8.15,8.5,503,0.35,0.35,4.06,4.06,0.17,1
2020-05-11,7.43,8.47,7.43,8.45,2601,1.02,1.04,12.07,12.31,0.52,-1
2020-05-08,8.5,8.5,8.17,8.45,3947,-0.05,0.33,-0.59,3.88,0.16,1
2020-05-07,8.03,8.03,8.03,8.03,10,0.0,0.0,0.0,0.0,0.0,-1
2020-05-06,8.03,8.03,8.03,8.03,6,0.0,0.0,0.0,0.0,0.0,-1
2020-05-05,8.26,8.26,8.03,8.03,707,-0.24,0.24,-2.93,2.93,0.12,-1
2020-05-04,8.46,8.46,8.46,8.46,20,0.0,0.0,0.0,0.0,0.0,-1
2020-05-01,8.46,8.46,8.46,8.46,127,0.0,0.0,0.0,0.0,0.0,1
2020-04-30,8.5,8.5,8.4,8.4,767,-0.1,0.1,-1.23,1.23,0.05,1
2020-04-29,8.26,8.26,8.26,8.26,302,0.0,0.0,0.0,0.0,0.0,-1
2020-04-28,8.46,8.46,8.46,8.46,415,0.0,0.0,0.0,0.0,0.0,1
2020-04-27,8.0,8.34,8.0,8.25,2018,0.25,0.34,3.03,4.06,0.17,1
2020-04-24,7.74,7.85,7.74,7.85,1746,0.11,0.11,1.4,1.4,0.05,1
2020-04-23,7.96,7.96,7.6,7.74,827,-0.22,0.36,-2.79,4.6,0.18,1
2020-04-22,7.9,7.96,7.51,7.64,4685,-0.27,0.45,-3.48,5.88,0.22,-1
2020-04-21,7.9,7.9,7.9,7.9,107,0.0,0.0,0.0,0.0,0.0,-1
2020-04-20,8.44,8.44,8.44,8.44,2,0.0,0.0,0.0,0.0,0.0,-1
2020-04-17,8.49,8.49,8.4,8.44,1793,-0.05,0.09,-0.59,1.07,0.04,1
2020-04-16,8.86,8.86,8.25,8.4,9519,-0.46,0.61,-5.44,7.23,0.3,-1
2020-04-15,8.5,8.84,8.5,8.84,1471,0.34,0.34,3.89,3.89,0.17,-1
2020-04-14,9.16,9.34,9.0,9.0,18188,-0.16,0.34,-1.81,3.81,0.17,-1
2020-04-13,9.35,9.35,9.01,9.01,1256,-0.34,0.34,-3.77,3.77,0.17,-1
2020-04-09,9.0,9.18,8.95,9.01,9813,0.01,0.23,0.11,2.52,0.11,-1
2020-04-08,8.56,9.04,8.55,9.04,5668,0.48,0.49,5.35,5.46,0.25,1
2020-04-07,8.21,9.0,8.05,9.0,13931,0.79,0.95,8.78,10.56,0.47,1
2020-04-06,7.84,8.35,7.69,8.35,30422,0.51,0.66,6.14,7.86,0.33,1
2020-04-03,7.7,7.81,7.43,7.54,3700,-0.16,0.38,-2.15,5.04,0.19,-1
2020-04-02,7.8,7.89,7.79,7.79,1367,-0.0,0.1,-0.06,1.28,0.05,-1
2020-04-01,7.71,7.89,7.71,7.88,826,0.17,0.18,2.16,2.28,0.09,-1
2020-03-31,7.89,7.89,7.89,7.89,216,0.0,0.0,0.0,0.0,0.0,-1
2020-03-30,7.89,7.89,7.85,7.89,2497,0.0,0.04,0.0,0.48,0.02,1
2020-03-27,7.89,7.89,7.76,7.82,5405,-0.06,0.13,-0.83,1.7,0.07,-1
2020-03-26,7.98,7.98,7.81,7.82,5373,-0.16,0.17,-1.98,2.17,0.09,1
2020-03-25,7.94,7.94,7.69,7.69,2316,-0.25,0.25,-3.25,3.25,0.12,-1
2020-03-24,8.09,8.09,7.68,7.95,4137,-0.14,0.41,-1.8,5.19,0.21,-1
2020-03-23,8.15,8.23,7.63,8.0,7102,-0.15,0.6,-1.88,7.49,0.3,1
2020-03-20,8.19,8.19,7.45,7.46,10782,-0.73,0.74,-9.79,9.92,0.37,-1
2020-03-19,8.0,8.79,8.0,8.79,304,0.79,0.79,8.99,8.99,0.39,1
2020-03-18,8.25,8.49,7.76,7.76,2620,-0.49,0.73,-6.31,9.41,0.37,-1
2020-03-17,8.69,8.69,8.61,8.61,485,-0.08,0.08,-0.92,0.92,0.04,1
2020-03-16,8.57,8.57,8.4,8.4,10486,-0.17,0.17,-2.02,2.02,0.08,-1
2020-03-13,8.7,8.85,8.7,8.85,1744,0.15,0.15,1.64,1.64,0.07,1
2020-03-12,9.4,9.4,8.52,8.55,14431,-0.85,0.88,-9.89,10.29,0.44,-1
2020-03-11,9.52,9.66,9.22,9.22,4668,-0.3,0.44,-3.25,4.8,0.22,-1
2020-03-10,9.98,9.98,9.98,9.98,315,-0.01,0.01,-0.1,0.1,0.0,1
2020-03-09,9.42,9.77,8.85,9.6,22888,0.18,0.92,1.92,9.62,0.46,-1
2020-03-06,10.54,11.15,9.97,10.16,14586,-0.38,1.18,-3.76,11.61,0.59,-1
2020-03-05,11.0,11.0,11.0,11.0,0,0.0,0.0,0.0,0.0,0.0,-1
2020-03-04,11.0,11.37,10.47,11.0,12630,0.0,0.9,0.0,8.18,0.45,-1
2020-03-03,10.75,11.5,10.75,11.5,3712,0.75,0.75,6.52,6.52,0.38,1
2020-03-02,11.12,11.14,10.91,11.14,2335,0.02,0.23,0.13,2.06,0.12,1
2020-02-28,10.75,11.1,10.75,10.86,17380,0.12,0.35,1.06,3.21,0.17,-1
2020-02-27,10.85,10.9,10.75,10.87,7100,0.03,0.14,0.23,1.33,0.07,-1
2020-02-26,11.26,11.44,10.75,11.24,11700,-0.02,0.69,-0.18,6.14,0.34,-1
2020-02-25,11.5,11.5,11.5,11.5,954,0.0,0.0,0.0,0.0,0.0,1
2020-02-24,11.1,11.3,11.1,11.3,1362,0.2,0.2,1.77,1.77,0.1,-1
2020-02-21,11.37,11.37,11.37,11.37,594,0.0,0.0,0.0,0.0,0.0,-1
2020-02-20,11.37,11.37,11.37,11.37,700,0.0,0.0,0.0,0.0,0.0,-1
2020-02-19,11.61,11.61,11.37,11.37,1128,-0.24,0.24,-2.11,2.11,0.12,-1
2020-02-18,11.65,11.65,11.65,11.65,400,0.0,0.0,0.0,0.0,0.0,-1
2020-02-14,11.51,11.65,11.51,11.65,2338,0.14,0.14,1.22,1.22,0.07,1
2020-02-13,11.5,11.5,11.28,11.28,4042,-0.22,0.22,-1.96,1.96,0.11,-1
2020-02-12,12.0,12.0,11.6,11.71,3806,-0.29,0.4,-2.49,3.42,0.2,-1
2020-02-11,11.92,11.92,11.85,11.85,2191,-0.07,0.07,-0.58,0.58,0.03,-1
2020-02-10,12.01,12.01,11.86,11.92,2449,-0.09,0.15,-0.77,1.26,0.08,1
2020-02-07,11.93,11.99,11.86,11.9,1946,-0.03,0.13,-0.27,1.06,0.06,1
2020-02-06,11.9,11.9,11.85,11.85,843,-0.05,0.05,-0.41,0.41,0.02,-1
2020-02-05,12.0,12.0,11.85,11.87,8910,-0.13,0.15,-1.09,1.26,0.08,-1
2020-02-04,11.9,11.9,11.9,11.9,110,0.0,0.0,0.0,0.0,0.0,1
2020-02-03,11.98,11.98,11.85,11.85,9507,-0.13,0.13,-1.13,1.13,0.07,-1
2020-01-31,11.93,11.98,11.9,11.91,8238,-0.02,0.08,-0.17,0.66,0.04,-1
2020-01-30,11.95,12.0,11.95,11.95,2977,0.0,0.05,0.03,0.38,0.02,-1
2020-01-29,11.98,11.98,11.9,11.95,13904,-0.03,0.08,-0.25,0.67,0.04,1
2020-01-28,11.83,12.01,11.83,11.9,4046,0.07,0.18,0.59,1.55,0.09,1
2020-01-27,11.67,11.99,11.45,11.69,11247,0.02,0.54,0.17,4.63,0.27,1
2020-01-24,11.15,11.39,11.15,11.38,13540,0.23,0.24,2.02,2.11,0.12,1
2020-01-23,10.95,11.18,10.95,11.15,25671,0.2,0.23,1.79,2.06,0.12,1
2020-01-22,10.9,11.04,10.75,11.0,20074,0.1,0.29,0.91,2.64,0.14,1
2020-01-21,10.75,11.0,10.75,10.98,16063,0.23,0.25,2.14,2.28,0.12,1
2020-01-17,10.69,10.69,10.69,10.69,305,0.0,0.0,0.0,0.0,0.0,-1
2020-01-16,10.7,10.7,10.7,10.7,0,0.0,0.0,0.0,0.0,0.0,-1
2020-01-15,10.7,10.7,10.7,10.7,698,0.0,0.0,0.0,0.0,0.0,-1
2020-01-14,10.72,10.72,10.72,10.72,81,0.0,0.0,0.0,0.0,0.0,-1
2020-01-13,10.7,10.77,10.7,10.72,981,0.02,0.07,0.22,0.62,0.03,-1
2020-01-10,10.7,10.8,10.7,10.72,6253,0.02,0.1,0.19,0.92,0.05,1
2020-01-09,10.7,10.7,10.7,10.7,100,0.0,0.0,0.0,0.0,0.0,-1
2020-01-08,10.8,10.85,10.8,10.85,5022,0.05,0.05,0.49,0.5,0.03,1
2020-01-07,10.72,10.72,10.72,10.72,0,0.0,0.0,0.0,0.0,0.0,-1
2020-01-06,10.7,10.72,10.7,10.72,5395,0.02,0.02,0.19,0.19,0.01,1
2020-01-03,10.8,10.8,10.7,10.7,9182,-0.1,0.1,-0.93,0.93,0.05,-1
2020-01-02,10.82,10.82,10.82,10.82,537,0.0,0.0,0.0,0.0,0.0,1
2019-12-31,10.7,10.78,10.7,10.78,5681,0.08,0.08,0.74,0.74,0.04,1
2019-12-30,10.78,10.78,10.76,10.76,1192,-0.02,0.02,-0.16,0.16,0.01,-1
2019-12-27,10.61,10.78,10.61,10.77,929,0.16,0.17,1.49,1.58,0.08,1
2019-12-26,10.68,10.79,10.52,10.6,4703,-0.08,0.27,-0.74,2.55,0.13,1
2019-12-24,10.51,10.51,10.51,10.51,2028,0.0,0.0,0.0,0.0,0.0,-1
2019-12-23,10.56,10.56,10.56,10.56,271,0.0,0.0,0.0,0.0,0.0,-1
2019-12-20,10.85,10.85,10.85,10.85,1629,0.0,0.0,0.0,0.0,0.0,1
2019-12-19,10.8,10.8,10.8,10.8,948,0.0,0.0,0.02,0.02,0.0,1
2019-12-18,10.55,10.68,10.55,10.68,3509,0.13,0.13,1.18,1.18,0.06,-1
2019-12-17,10.69,10.7,10.69,10.7,1167,0.01,0.01,0.09,0.09,0.0,-1
2019-12-16,10.7,10.7,10.7,10.7,707,0.0,0.0,0.0,0.0,0.0,-1
2019-12-13,10.55,10.75,10.52,10.75,4602,0.2,0.23,1.86,2.13,0.11,1
2019-12-12,10.55,10.55,10.55,10.55,3,0.0,0.0,0.0,0.0,0.0,-1
2019-12-11,10.55,10.55,10.55,10.55,0,0.0,0.0,0.0,0.0,0.0,-1
2019-12-10,10.45,10.68,10.45,10.55,5939,0.1,0.23,0.95,2.16,0.11,1
2019-12-09,10.7,10.7,10.35,10.41,1600,-0.29,0.35,-2.79,3.36,0.17,1
2019-12-06,10.61,10.61,10.31,10.31,288,-0.3,0.3,-2.91,2.91,0.15,-1
2019-12-05,10.6,10.75,10.58,10.68,8482,0.07,0.17,0.69,1.58,0.08,1
2019-12-04,10.5,10.81,10.36,10.51,13039,0.01,0.46,0.1,4.34,0.23,1
2019-12-03,10.25,10.42,10.24,10.42,19867,0.16,0.18,1.58,1.73,0.09,1
2019-12-02,10.22,10.25,10.2,10.2,2029,-0.02,0.05,-0.2,0.52,0.03,-1
2019-11-29,10.25,10.25,10.25,10.25,28,0.0,0.0,0.0,0.0,0.0,-1
2019-11-27,10.25,10.25,10.19,10.25,1854,0.0,0.06,0.0,0.56,0.03,1
2019-11-26,10.15,10.25,10.14,10.2,9018,0.05,0.11,0.49,1.04,0.05,1
2019-11-25,10.06,10.2,10.06,10.15,1910,0.09,0.14,0.89,1.38,0.07,-1
2019-11-22,10.1,10.15,10.01,10.15,18356,0.05,0.14,0.49,1.34,0.07,1
2019-11-21,10.1,10.1,10.09,10.09,2125,-0.01,0.01,-0.09,0.09,0.0,1
2019-11-20,10.08,10.1,10.05,10.05,6324,-0.03,0.05,-0.32,0.5,0.02,-1
2019-11-19,10.05,10.1,10.05,10.1,1921,0.05,0.05,0.48,0.48,0.02,-1
2019-11-18,9.93,10.1,9.93,10.1,40624,0.17,0.17,1.73,1.73,0.09,1
2019-11-15,9.92,9.99,9.91,9.91,4502,-0.01,0.08,-0.1,0.81,0.04,1
2019-11-14,9.95,9.95,9.9,9.9,700,-0.05,0.05,-0.48,0.49,0.02,-1
2019-11-13,10.0,10.0,10.0,10.0,1,0.0,0.0,0.0,0.0,0.0,-1
2019-11-12,10.0,10.0,10.0,10.0,1000,0.0,0.0,0.0,0.0,0.0,1
2019-11-11,9.86,9.94,9.83,9.94,13096,0.08,0.11,0.8,1.15,0.06,-1
2019-11-08,9.96,10.0,9.94,9.94,2900,-0.02,0.06,-0.15,0.6,0.03,-1
2019-11-07,10.0,10.0,9.93,10.0,5952,0.0,0.07,0.0,0.7,0.04,-1
2019-11-06,9.99,10.1,9.99,10.1,30633,0.11,0.11,1.11,1.11,0.06,1
2019-11-05,9.81,9.81,9.81,9.81,503,0.0,0.0,0.0,0.0,0.0,1
2019-11-04,9.76,9.76,9.76,9.76,0,0.0,0.0,0.0,0.0,0.0,-1
2019-11-01,9.76,9.76,9.76,9.76,0,0.0,0.0,0.0,0.0,0.0,-1
2019-10-31,9.87,9.92,9.76,9.76,3437,-0.11,0.16,-1.11,1.63,0.08,-1
2019-10-30,9.9,9.9,9.9,9.9,500,0.0,0.0,0.0,0.0,0.0,1
2019-10-29,9.82,9.82,9.82,9.82,495,0.0,0.0,0.0,0.0,0.0,-1
2019-10-28,9.85,9.9,9.85,9.9,675,0.05,0.05,0.51,0.51,0.03,1
2019-10-25,9.8,9.87,9.72,9.85,9567,0.05,0.15,0.51,1.49,0.07,1
2019-10-24,9.62,9.62,9.62,9.62,0,0.0,0.0,0.0,0.0,0.0,-1
2019-10-23,9.62,9.62,9.62,9.62,1,0.0,0.0,0.0,0.0,0.0,-1
2019-10-22,9.62,9.62,9.62,9.62,500,0.0,0.0,0.0,0.0,0.0,1
2019-10-21,9.53,9.53,9.53,9.53,573,0.0,0.0,0.0,0.0,0.0,-1
2019-10-18,9.8,9.8,9.8,9.8,1,0.0,0.0,0.0,0.0,0.0,-1
2019-10-17,9.8,9.8,9.8,9.8,186,0.0,0.0,0.0,0.0,0.0,1
2019-10-16,9.7,9.7,9.7,9.7,48,0.0,0.0,0.0,0.0,0.0,-1
2019-10-15,9.7,9.7,9.7,9.7,49,0.0,0.0,0.0,0.0,0.0,-1
2019-10-14,9.7,9.71,9.7,9.7,3170,0.0,0.01,0.01,0.1,0.01,-1
2019-10-11,9.8,9.8,9.8,9.8,1400,0.0,0.0,0.0,0.0,0.0,-1
2019-10-10,9.62,9.8,9.62,9.8,1084,0.18,0.18,1.84,1.84,0.09,-1
2019-10-09,9.87,9.87,9.76,9.87,2656,0.0,0.11,0.0,1.09,0.05,-1
2019-10-08,9.75,9.9,9.75,9.88,3754,0.13,0.15,1.3,1.52,0.08,1
2019-10-07,9.69,9.69,9.62,9.62,379,-0.07,0.07,-0.77,0.77,0.04,1
2019-10-04,9.6,9.6,9.6,9.6,445,0.0,0.0,0.0,0.0,0.0,-1
2019-10-03,9.64,9.64,9.64,9.64,33,0.0,0.0,0.0,0.0,0.0,-1
2019-10-02,9.64,9.64,9.64,9.64,309,0.0,0.0,0.0,0.0,0.0,-1
2019-10-01,9.64,9.64,9.64,9.64,0,0.0,0.0,0.0,0.0,0.0,-1
2019-09-30,9.64,9.64,9.64,9.64,182,0.0,0.0,0.0,0.0,0.0,-1
2019-09-27,9.71,9.71,9.71,9.71,71,0.0,0.0,0.0,0.0,0.0,-1
2019-09-26,9.71,9.71,9.71,9.71,27,0.0,0.0,0.0,0.0,0.0,-1
2019-09-25,9.71,9.71,9.71,9.71,173,0.0,0.0,0.0,0.0,0.0,-1
2019-09-24,9.71,9.9,9.71,9.78,8079,0.07,0.19,0.7,1.97,0.1,-1
2019-09-23,9.78,9.78,9.78,9.78,579,0.0,0.0,0.0,0.0,0.0,-1
2019-09-20,9.8,9.84,9.74,9.84,8883,0.04,0.1,0.41,1.02,0.05,1
2019-09-19,9.48,9.9,9.48,9.78,17687,0.3,0.42,3.08,4.29,0.21,1
2019-09-18,9.45,9.45,9.45,9.45,373,0.0,0.0,0.0,0.0,0.0,-1
2019-09-17,9.65,9.7,9.52,9.66,20208,0.01,0.17,0.1,1.81,0.09,1
2019-09-16,9.7,9.74,9.42,9.43,11818,-0.27,0.32,-2.86,3.39,0.16,-1
2019-09-13,9.38,9.65,9.38,9.65,3368,0.27,0.27,2.8,2.8,0.13,1
2019-09-12,9.39,9.6,9.39,9.53,2473,0.14,0.21,1.47,2.2,0.1,1
2019-09-11,9.51,9.51,9.51,9.51,1,0.0,0.0,0.0,0.0,0.0,-1
2019-09-10,9.32,9.51,9.32,9.51,616,0.19,0.19,2.0,2.0,0.09,-1
2019-09-09,9.5,9.74,9.48,9.7,19290,0.2,0.26,2.06,2.68,0.13,1
2019-09-06,9.31,9.31,9.31,9.31,5042,0.0,0.0,0.0,0.0,0.0,-1
2019-09-05,9.37,9.37,9.37,9.37,518,0.0,0.0,0.0,0.0,0.0,-1
2019-09-04,9.4,9.4,9.4,9.4,130,0.0,0.0,0.0,0.0,0.0,-1
2019-09-03,9.41,9.45,9.37,9.4,12976,-0.01,0.08,-0.11,0.85,0.04,-1
2019-08-30,9.44,9.45,9.42,9.42,1500,-0.01,0.03,-0.13,0.28,0.01,1
2019-08-29,9.45,9.45,9.41,9.41,1687,-0.04,0.04,-0.43,0.43,0.02,-1
2019-08-28,9.5,9.5,9.5,9.5,613,0.0,0.0,0.0,0.0,0.0,1
2019-08-27,9.69,9.69,9.35,9.35,502,-0.34,0.34,-3.64,3.64,0.17,-1
2019-08-26,9.55,9.55,9.55,9.55,1153,0.0,0.0,0.0,0.0,0.0,1
2019-08-23,9.66,9.66,9.33,9.33,486,-0.33,0.33,-3.54,3.54,0.17,-1
2019-08-22,9.66,9.66,9.42,9.42,2097,-0.24,0.24,-2.55,2.55,0.12,-1
2019-08-21,9.55,9.55,9.55,9.55,942,0.0,0.0,0.0,0.0,0.0,1
2019-08-20,9.34,9.34,9.34,9.34,11,0.0,0.0,0.0,0.0,0.0,-1
2019-08-19,9.42,9.42,9.34,9.34,1106,-0.08,0.08,-0.86,0.86,0.04,1
2019-08-16,9.31,9.31,9.31,9.31,4,0.0,0.0,0.0,0.0,0.0,-1
2019-08-15,9.31,9.31,9.31,9.31,1,0.0,0.0,0.0,0.0,0.0,-1
2019-08-14,9.39,9.39,9.31,9.31,1000,-0.08,0.08,-0.82,0.87,0.04,-1
2019-08-13,9.35,9.5,9.35,9.37,3100,0.02,0.16,0.25,1.66,0.08,-1
2019-08-12,9.3,9.55,9.3,9.5,12100,0.2,0.25,2.11,2.63,0.12,1
2019-08-09,9.31,9.31,9.31,9.31,400,0.0,0.0,0.0,0.0,0.0,-1
2019-08-08,9.31,9.31,9.31,9.31,357,0.0,0.0,0.0,0.0,0.0,-1
2019-08-07,9.4,9.45,9.3,9.38,9563,-0.02,0.15,-0.16,1.57,0.07,-1
2019-08-06,9.44,9.46,9.44,9.46,1071,0.03,0.03,0.26,0.26,0.01,-1
2019-08-05,9.47,9.47,9.47,9.47,1527,0.0,0.0,0.0,0.0,0.0,1
2019-08-02,9.42,9.46,9.4,9.4,10206,-0.02,0.05,-0.21,0.59,0.03,-1
2019-08-01,9.5,9.51,9.42,9.42,2989,-0.08,0.09,-0.85,0.93,0.04,1
2019-07-31,9.4,9.5,9.39,9.41,8999,0.01,0.11,0.11,1.17,0.05,1
2019-07-30,9.38,9.38,9.37,9.37,485,-0.01,0.01,-0.06,0.06,0.0,1
2019-07-29,9.39,9.4,9.26,9.26,578,-0.13,0.14,-1.4,1.51,0.07,-1
2019-07-26,9.33,9.4,9.33,9.4,747,0.07,0.07,0.72,0.72,0.03,-1
2019-07-25,9.4,9.4,9.4,9.4,77,0.0,0.0,0.0,0.0,0.0,-1
2019-07-24,9.3,9.4,9.28,9.4,16152,0.1,0.12,1.11,1.32,0.06,1
2019-07-23,9.35,9.36,9.3,9.3,1200,-0.05,0.06,-0.54,0.65,0.03,1
2019-07-22,9.13,9.14,9.12,9.12,1699,-0.01,0.02,-0.11,0.22,0.01,-1
2019-07-19,9.36,9.36,9.33,9.33,1046,-0.02,0.02,-0.25,0.25,0.01,1
2019-07-18,9.06,9.25,9.06,9.07,5723,0.01,0.19,0.13,2.12,0.1,1
2019-07-17,9.1,9.12,9.05,9.05,11053,-0.05,0.07,-0.55,0.75,0.03,-1
2019-07-16,9.1,9.1,9.1,9.1,101,0.0,0.0,0.0,0.0,0.0,-1
2019-07-15,9.0,9.21,9.0,9.21,4458,0.21,0.21,2.28,2.28,0.11,1
2019-07-12,9.2,9.22,8.66,9.05,35154,-0.15,0.56,-1.66,6.14,0.28,-1
2019-07-11,9.23,9.23,9.2,9.2,1526,-0.03,0.03,-0.37,0.37,0.02,-1
2019-07-10,9.25,9.25,9.21,9.24,7524,-0.01,0.04,-0.11,0.43,0.02,-1
2019-07-09,9.44,9.45,9.3,9.3,2459,-0.14,0.15,-1.51,1.61,0.07,-1
2019-07-08,9.3,9.35,9.3,9.33,758,0.03,0.05,0.28,0.49,0.02,1
2019-07-05,9.25,9.25,9.25,9.25,323,0.0,0.0,0.0,0.0,0.0,-1
2019-07-03,9.25,9.26,9.25,9.25,1799,0.0,0.01,0.0,0.11,0.0,-1
2019-07-02,9.45,9.45,9.45,9.45,2023,0.0,0.0,0.0,0.0,0.0,-1
2019-07-01,9.5,9.5,9.5,9.5,129,0.0,0.0,0.0,0.0,0.0,-1
2019-06-28,9.26,9.5,9.25,9.5,2570,0.24,0.25,2.53,2.63,0.12,1
2019-06-27,9.25,9.25,9.25,9.25,283,0.0,0.0,0.0,0.0,0.0,-1
2019-06-26,9.2,9.26,9.2,9.26,432,0.06,0.06,0.65,0.65,0.03,-1
2019-06-25,9.3,9.3,9.3,9.3,1334,0.0,0.0,0.0,0.0,0.0,-1
2019-06-24,9.36,9.36,9.3,9.35,13709,-0.01,0.06,-0.11,0.65,0.03,-1
2019-06-21,9.37,9.37,9.36,9.37,3951,-0.01,0.01,-0.05,0.14,0.01,1
2019-06-20,9.23,9.38,9.23,9.35,1500,0.12,0.15,1.28,1.61,0.08,-1
2019-06-19,9.35,9.35,9.35,9.35,53,0.0,0.0,0.0,0.0,0.0,-1
2019-06-18,9.36,9.36,9.17,9.35,21125,-0.01,0.19,-0.11,1.99,0.09,-1
2019-06-17,9.42,9.45,9.4,9.45,8564,0.03,0.05,0.35,0.53,0.02,1
2019-06-14,9.42,9.42,9.4,9.4,12269,-0.02,0.02,-0.21,0.21,0.01,-1
2019-06-13,9.5,9.5,9.45,9.45,812,-0.05,0.05,-0.53,0.56,0.03,-1
2019-06-12,9.5,9.5,9.5,9.5,202,0.0,0.0,0.0,0.0,0.0,-1
2019-06-11,9.54,9.54,9.51,9.51,3724,-0.03,0.03,-0.33,0.33,0.02,1
2019-06-10,9.45,9.51,9.45,9.5,9124,0.05,0.06,0.48,0.63,0.03,1
2019-06-07,9.45,9.45,9.45,9.45,152,0.0,0.0,0.0,0.0,0.0,-1
2019-06-06,9.45,9.45,9.45,9.45,1409,0.0,0.0,0.0,0.0,0.0,-1
2019-06-05,9.47,9.5,9.47,9.47,1626,0.0,0.03,0.0,0.32,0.01,-1
2019-06-04,9.48,9.49,9.48,9.48,3393,-0.0,0.01,-0.01,0.12,0.01,1
2019-06-03,9.45,9.45,9.4,9.45,414,-0.0,0.05,-0.03,0.56,0.03,1
2019-05-31,9.44,9.44,9.4,9.4,352,-0.04,0.04,-0.37,0.37,0.02,-1
2019-05-30,9.41,9.44,9.4,9.4,6498,-0.01,0.04,-0.11,0.37,0.02,-1
2019-05-29,9.36,9.4,9.36,9.4,16016,0.04,0.04,0.43,0.43,0.02,1
2019-05-28,9.36,9.39,9.36,9.39,4042,0.03,0.03,0.36,0.36,0.02,1
2019-05-24,9.37,9.37,9.37,9.37,2001,0.0,0.0,0.0,0.0,0.0,1
2019-05-23,9.4,9.4,9.36,9.36,4883,-0.04,0.04,-0.44,0.44,0.02,-1
2019-05-22,9.41,9.41,9.4,9.4,5090,-0.01,0.01,-0.11,0.11,0.0,-1
2019-05-21,9.4,9.41,9.4,9.41,9291,0.01,0.01,0.11,0.11,0.0,1
2019-05-20,9.4,9.4,9.4,9.4,3,0.0,0.0,0.0,0.0,0.0,-1
2019-05-17,9.5,9.5,9.4,9.4,10969,-0.1,0.1,-1.02,1.06,0.05,-1
2019-05-16,9.5,9.5,9.42,9.43,2056,-0.07,0.08,-0.74,0.85,0.04,-1
2019-05-15,9.41,9.48,9.41,9.48,3398,0.07,0.07,0.74,0.74,0.04,1
2019-05-14,9.5,9.5,9.36,9.36,6848,-0.14,0.14,-1.5,1.51,0.07,-1
2019-05-13,9.55,9.55,9.5,9.51,9751,-0.04,0.05,-0.44,0.53,0.03,-1
2019-05-10,9.57,9.57,9.57,9.57,0,0.0,0.0,0.0,0.0,0.0,-1
2019-05-09,9.57,9.57,9.55,9.57,9468,-0.0,0.02,-0.04,0.21,0.01,-1
2019-05-08,9.64,9.64,9.64,9.64,0,0.0,0.0,0.0,0.0,0.0,-1
2019-05-07,9.6,9.64,9.6,9.64,5041,0.04,0.04,0.41,0.41,0.02,1
2019-05-06,9.64,9.65,9.57,9.57,983,-0.06,0.08,-0.68,0.84,0.04,-1
2019-05-03,9.64,9.64,9.64,9.64,9,0.0,0.0,0.0,0.0,0.0,-1
2019-05-02,9.65,9.65,9.64,9.64,10102,-0.01,0.01,-0.12,0.12,0.01,1
2019-05-01,9.61,9.61,9.61,9.61,26,0.0,0.0,0.0,0.0,0.0,-1
2019-04-30,9.68,9.69,9.57,9.61,21533,-0.07,0.12,-0.73,1.26,0.06,-1
2019-04-29,9.64,9.65,9.64,9.65,2934,0.01,0.01,0.1,0.1,0.0,-1
2019-04-26,9.65,9.69,9.65,9.65,1418,-0.0,0.04,-0.03,0.41,0.02,-1
2019-04-25,9.7,9.7,9.7,9.7,333,0.0,0.0,0.0,0.0,0.0,1
2019-04-24,9.51,9.51,9.51,9.51,76,0.0,0.0,0.0,0.0,0.0,-1
2019-04-23,9.5,9.51,9.49,9.51,11683,0.01,0.01,0.07,0.14,0.01,-1
2019-04-22,9.68,9.68,9.68,9.68,50,0.0,0.0,0.0,0.0,0.0,-1
2019-04-18,9.63,9.68,9.63,9.68,680,0.05,0.05,0.51,0.51,0.02,1
2019-04-17,9.65,9.65,9.63,9.63,453,-0.02,0.02,-0.21,0.21,0.01,-1
2019-04-16,9.6,9.68,9.6,9.66,31367,0.06,0.08,0.62,0.82,0.04,-1
2019-04-15,9.74,9.74,9.74,9.74,0,0.0,0.0,0.0,0.0,0.0,-1
2019-04-12,9.73,9.75,9.7,9.74,3118,0.01,0.05,0.1,0.49,0.02,1
2019-04-11,9.75,9.75,9.71,9.71,1417,-0.04,0.04,-0.41,0.41,0.02,1
2019-04-10,9.65,9.71,9.65,9.7,2832,0.05,0.06,0.52,0.62,0.03,1
2019-04-09,9.68,9.68,9.67,9.67,666,-0.01,0.01,-0.1,0.1,0.0,-1
2019-04-08,9.65,9.78,9.65,9.68,2058,0.03,0.13,0.33,1.36,0.07,-1
2019-04-05,9.7,9.7,9.7,9.7,12,0.0,0.0,0.0,0.0,0.0,-1
2019-04-04,9.7,9.7,9.7,9.7,2706,0.0,0.0,0.0,0.0,0.0,-1
2019-04-03,9.9,9.9,9.85,9.85,3600,-0.05,0.05,-0.48,0.51,0.03,-1
2019-04-02,9.9,9.9,9.9,9.9,77,0.0,0.0,0.0,0.0,0.0,-1
2019-04-01,9.75,9.9,9.63,9.9,9061,0.14,0.27,1.47,2.73,0.13,1
2019-03-29,9.64,9.88,9.64,9.75,2765,0.11,0.24,1.13,2.46,0.12,-1
2019-03-28,9.66,9.75,9.66,9.75,1433,0.09,0.09,0.93,0.93,0.05,1
2019-03-27,9.7,9.73,9.7,9.73,1151,0.03,0.03,0.31,0.31,0.02,1
2019-03-26,9.65,9.7,9.65,9.7,3321,0.05,0.05,0.52,0.56,0.03,1
2019-03-25,9.6,9.63,9.6,9.6,4730,-0.0,0.03,-0.03,0.35,0.02,-1
2019-03-22,9.7,9.71,9.66,9.71,1897,0.01,0.05,0.1,0.51,0.03,1
2019-03-21,9.74,9.74,9.6,9.62,7543,-0.12,0.14,-1.25,1.46,0.07,1
2019-03-20,9.72,9.72,9.6,9.6,2731,-0.12,0.12,-1.27,1.27,0.06,-1
2019-03-19,9.79,9.79,9.61,9.61,3217,-0.18,0.18,-1.87,1.87,0.09,1
2019-03-18,9.62,9.66,9.6,9.6,8021,-0.02,0.06,-0.21,0.66,0.03,1
2019-03-15,9.97,9.98,9.5,9.5,42198,-0.47,0.48,-4.95,5.05,0.24,-1
2019-03-14,9.9,9.98,9.88,9.9,17352,0.0,0.11,0.0,1.06,0.05,1
2019-03-13,9.94,9.95,9.85,9.85,16603,-0.09,0.1,-0.91,1.02,0.05,-1
2019-03-12,9.89,9.98,9.89,9.95,21119,0.06,0.09,0.6,0.9,0.04,1
2019-03-11,9.72,9.9,9.66,9.9,23749,0.18,0.24,1.82,2.42,0.12,1
2019-03-08,9.6,9.73,9.6,9.61,10536,0.01,0.13,0.08,1.33,0.06,-1
2019-03-07,9.74,9.74,9.6,9.67,7861,-0.07,0.14,-0.74,1.47,0.07,-1
2019-03-06,9.6,9.75,9.6,9.69,9038,0.09,0.15,0.93,1.55,0.08,-1
2019-03-05,9.75,9.76,9.6,9.74,16742,-0.01,0.16,-0.09,1.65,0.08,1
2019-03-04,9.72,9.74,9.6,9.6,8237,-0.12,0.14,-1.25,1.46,0.07,-1
2019-03-01,9.7,9.79,9.57,9.61,15221,-0.09,0.21,-0.94,2.23,0.11,-1
2019-02-28,9.63,9.69,9.61,9.69,4744,0.06,0.08,0.63,0.85,0.04,1
2019-02-27,9.61,9.61,9.6,9.6,4279,-0.01,0.01,-0.1,0.1,0.0,-1
2019-02-26,9.5,9.6,9.45,9.6,14137,0.1,0.15,1.04,1.53,0.07,-1
2019-02-25,9.58,9.6,9.57,9.6,2207,0.02,0.03,0.24,0.3,0.01,-1
2019-02-22,9.36,9.69,9.36,9.6,13350,0.24,0.33,2.5,3.43,0.16,1
2019-02-21,9.38,9.5,9.38,9.5,6474,0.12,0.12,1.22,1.22,0.06,1
2019-02-20,9.44,9.44,9.19,9.39,12316,-0.05,0.25,-0.53,2.66,0.12,-1
2019-02-19,9.19,9.45,9.19,9.4,10695,0.21,0.26,2.22,2.81,0.13,1
2019-02-15,9.28,9.28,9.17,9.2,12855,-0.08,0.11,-0.91,1.24,0.06,-1
2019-02-14,9.27,9.3,9.27,9.28,634,0.01,0.03,0.11,0.32,0.02,-1
2019-02-13,9.35,9.48,9.27,9.48,2074,0.13,0.21,1.33,2.22,0.11,1
2019-02-12,9.4,9.41,9.3,9.31,11173,-0.09,0.11,-0.97,1.18,0.05,-1
2019-02-11,9.46,9.5,9.46,9.49,1504,0.03,0.04,0.34,0.43,0.02,1
2019-02-08,9.48,9.5,9.48,9.48,13800,0.0,0.02,0.04,0.21,0.01,1
2019-02-07,9.44,9.45,9.3,9.45,8800,0.01,0.15,0.16,1.6,0.08,-1
2019-02-06,9.36,9.47,9.16,9.47,22271,0.11,0.31,1.16,3.23,0.15,1
2019-02-05,9.45,9.45,9.33,9.36,10868,-0.09,0.12,-0.96,1.31,0.06,-1
2019-02-04,9.41,9.47,9.41,9.44,6700,0.03,0.06,0.26,0.58,0.03,-1
2019-02-01,9.47,9.47,9.45,9.45,7400,-0.02,0.02,-0.17,0.21,0.01,-1
2019-01-31,9.45,9.47,9.45,9.45,8007,0.0,0.02,0.02,0.2,0.01,-1
2019-01-30,9.5,9.5,9.45,9.45,8040,-0.05,0.05,-0.53,0.53,0.03,-1
2019-01-29,9.54,9.54,9.46,9.46,19200,-0.08,0.08,-0.85,0.9,0.04,-1
2019-01-28,9.61,9.62,9.56,9.57,14007,-0.04,0.06,-0.42,0.68,0.03,-1
2019-01-25,9.67,9.68,9.58,9.59,3325,-0.08,0.1,-0.87,1.05,0.05,-1
2019-01-24,9.61,9.75,9.61,9.64,21235,0.03,0.14,0.31,1.45,0.07,-1
2019-01-23,9.82,9.82,9.69,9.74,11900,-0.08,0.13,-0.82,1.33,0.07,-1
2019-01-22,9.85,9.85,9.68,9.76,9788,-0.09,0.17,-0.92,1.74,0.08,-1
2019-01-18,9.78,9.9,9.71,9.82,16055,0.04,0.19,0.41,1.93,0.09,-1
2019-01-17,9.7,9.93,9.69,9.84,15412,0.14,0.24,1.42,2.45,0.12,-1
2019-01-16,10.03,10.03,9.95,10.0,5867,-0.03,0.08,-0.3,0.8,0.04,-1
2019-01-15,9.85,10.03,9.75,10.03,33709,0.18,0.28,1.79,2.79,0.14,1
2019-01-14,9.99,9.99,9.76,9.9,18414,-0.09,0.23,-0.91,2.32,0.12,1
2019-01-11,10.0,10.0,9.85,9.86,23500,-0.14,0.15,-1.46,1.48,0.07,-1
2019-01-10,9.55,10.1,9.46,10.0,272545,0.45,0.64,4.5,6.43,0.32,1
2019-01-09,10.41,10.5,9.6,9.6,212436,-0.81,0.9,-8.44,9.38,0.45,-1
